"","ASV","X1","X2","elements","Degree","igraph.closeness","igraph.betweenness","igraph.cen.degree","Group"
"1","MAG_002",32.0477974021445,-23.4183811976905,"MAG_002",1,1,0,1,"model_3"
"2","MAG_004",-16.4044373209754,46.6842236895845,"MAG_004",2,0.6,0,2,"model_1"
"3","MAG_007",12.5323136192984,-21.5259169766954,"MAG_007",3,1,0.5,3,"model_3"
"4","MAG_008",-24.4284606304872,32.2759037673454,"MAG_008",6,0.403225806451613,0,6,"model_1"
"5","MAG_010",-14.4438402843768,25.4176934925156,"MAG_010",4,1,0,4,"model_1"
"6","MAG_014",-22.397172485342,16.6646553887245,"MAG_014",6,0.490196078431373,3.14285714285714,6,"model_1"
"7","MAG_016",-2.57282405532291,18.2118613738219,"MAG_016",1,0.5,0,1,"model_1"
"8","MAG_019",-14.9674843787094,23.128507164253,"MAG_019",1,0.454545454545455,0,1,"model_1"
"9","MAG_031",-9.83398686238096,25.8654884197603,"MAG_031",1,1,0,1,"model_1"
"10","MAG_032",-10.3810134475784,26.8524034734107,"MAG_032",2,0.5,0,2,"model_1"
"11","MAG_033",17.0730251295859,-3.66752268502903,"MAG_033",59,0.407563025210084,518.372598951218,59,"model_3"
"12","MAG_035",-9.68039989818407,28.6680860910147,"MAG_035",2,1,0,2,"model_1"
"13","MAG_042",0.23107371438404,-31.6595436485099,"MAG_042",69,0.408707865168539,1006.43736135795,69,"model_3"
"14","MAG_043",0.766322249085231,21.5266245269623,"MAG_043",6,0.490196078431373,3.14285714285714,6,"model_1"
"15","MAG_045",0.150901649185609,27.4792221730806,"MAG_045",4,1,0,4,"model_1"
"16","MAG_050",-11.5189973876472,1.62111996846306,"MAG_050",1,1,0,1,"model_1"
"17","MAG_051",9.39755724916784,13.0179269613649,"MAG_051",1,0.454545454545455,0,1,"model_1"
"18","MAG_052",-13.7040864656321,10.6496796181354,"MAG_052",1,1,0,1,"model_1"
"19","MAG_053",-7.43741497874088,26.5652670388695,"MAG_053",5,0.283349561830574,0,5,"model_1"
"20","MAG_054",-6.73696578922751,13.5857607560834,"MAG_054",3,0.714285714285714,6,3,"model_1"
"21","MAG_056",26.9447843279601,-23.1744947122775,"MAG_056",1,1,0,1,"model_3"
"22","MAG_057",8.65853873933169,17.6668358742702,"MAG_057",3,0.714285714285714,7,3,"model_1"
"23","MAG_058",31.5620027101683,-31.6316024151925,"MAG_058",3,1,0,3,"model_3"
"24","MAG_059",-18.0163213188026,11.9884667064701,"MAG_059",2,0.5,0,2,"model_1"
"25","MAG_060",-3.76685739054011,-10.4469570074115,"MAG_060",1,1,0,1,"model_3"
"26","MAG_062",-12.2368244720143,-29.8041089496305,"MAG_062",3,1,0,3,"model_3"
"27","MAG_064",-16.5113288416482,26.1352033922631,"MAG_064",44,0.366037735849057,414.09028568793,44,"model_1"
"28","MAG_065",-12.6817879137241,20.6386739161758,"MAG_065",2,0.666666666666667,0,2,"model_1"
"29","MAG_066",-17.6813756490394,48.9521984871364,"MAG_066",1,1,0,1,"model_1"
"30","MAG_067",-0.253880214380633,19.7376235340826,"MAG_067",1,0.301204819277108,0,1,"model_1"
"31","MAG_070",-20.1287069001278,46.9134388167984,"MAG_070",2,1,0,2,"model_1"
"32","MAG_074",-9.52431842612541,21.8798728854827,"MAG_074",10,0.543478260869565,24,10,"model_1"
"33","MAG_076",-16.9746703783868,7.75844783626424,"MAG_076",1,1,0,1,"model_1"
"34","MAG_078",6.83841802596215,-37.3238059432832,"MAG_078",1,1,0,1,"model_3"
"35","MAG_079",-9.84794772872102,19.7241691457943,"MAG_079",1,0.5,0,1,"model_1"
"36","MAG_081",-1.1549020825618,16.7217895962604,"MAG_081",8,0.510204081632653,4.80952380952381,8,"model_1"
"37","MAG_084",-11.0388243138512,30.7791448070587,"MAG_084",1,1,0,1,"model_1"
"38","MAG_085",-16.8125237559392,3.31463585860235,"MAG_085",1,1,0,1,"model_1"
"39","MAG_090",17.6823907882701,-11.8752512914736,"MAG_090",1,0.666666666666667,0,1,"model_3"
"40","MAG_091",33.4229854983615,-37.1634255144743,"MAG_091",3,1,0,3,"model_3"
"41","MAG_092",3.98832849342341,14.4208949487766,"MAG_092",1,1,0,1,"model_1"
"42","MAG_093",-18.2158239207779,23.5596703210784,"MAG_093",4,1,0,4,"model_1"
"43","MAG_095",-7.44008281547579,44.3751667330566,"MAG_095",2,1,0,2,"model_1"
"44","MAG_097",30.3633187904672,-34.3574281671141,"MAG_097",1,1,0,1,"model_3"
"45","MAG_098",-9.65870569539019,-20.814158039249,"MAG_098",1,0.666666666666667,0,1,"model_3"
"46","MAG_099",-7.84351883043683,11.2628883934193,"MAG_099",1,0.5,0,1,"model_1"
"47","MAG_100",8.22044845166105,-10.8976824076897,"MAG_100",1,1,0,1,"model_3"
"48","MAG_101",-0.554964664264915,-45.9513152361942,"MAG_101",1,1,0,1,"model_3"
"49","MAG_102",2.51929682122404,28.8984709801272,"MAG_102",1,0.357142857142857,0,1,"model_1"
"50","MAG_103",31.6723617187679,-13.2397247430303,"MAG_103",2,1,1,2,"model_3"
"51","MAG_105",-15.9262441364719,19.69147712989,"MAG_105",1,1,0,1,"model_1"
"52","MAG_108",-4.8957151737012,8.02469800084123,"MAG_108",5,0.384615384615385,24.3333333333333,5,"model_1"
"53","MAG_110",0.689167817342865,11.2916644523143,"MAG_110",1,1,0,1,"model_1"
"54","MAG_111",3.00950980401383,11.7179872025323,"MAG_111",11,0.568181818181818,8.45238095238095,11,"model_1"
"55","MAG_116",10.3440413083531,-9.34675536308664,"MAG_116",2,0.119262295081967,578,2,"model_3"
"56","MAG_119",-17.3872699781403,5.63826323856805,"MAG_119",3,0.666666666666667,5,3,"model_1"
"57","MAG_122",-31.5913320432357,19.73898813471,"MAG_122",1,1,0,1,"model_1"
"58","MAG_124",11.3539882187926,-2.19803488610162,"MAG_124",2,0.75,0,2,"model_3"
"59","MAG_130",-7.39025306390455,29.2346242626334,"MAG_130",1,1,0,1,"model_1"
"60","MAG_133",-13.5391002775687,31.8606267863851,"MAG_133",5,0.857142857142857,12,5,"model_1"
"61","MAG_136",-27.6463033891763,28.096436225939,"MAG_136",12,0.581395348837209,12.1190476190476,12,"model_1"
"62","MAG_137",7.5202317087258,26.2486116629866,"MAG_137",4,1,1,4,"model_1"
"63","MAG_139",8.87301299999601,29.2458017538359,"MAG_139",1,0.428571428571429,0,1,"model_1"
"64","MAG_141",-26.4784161402657,24.4344273611899,"MAG_141",1,0.280898876404494,0,1,"model_1"
"65","MAG_142",-2.84213637060553,9.1440895178283,"MAG_142",7,0.5,4.66666666666666,7,"model_1"
"66","MAG_143",9.03146201740897,-22.349224173142,"MAG_143",2,0.75,2,2,"model_3"
"67","MAG_146",-5.31061186879111,24.2290225003675,"MAG_146",5,0.378787878787879,0.142857142857143,5,"model_1"
"68","MAG_147",-22.9663730187063,33.9949901484409,"MAG_147",8,0.423728813559322,24.3333333333333,8,"model_1"
"69","MAG_148",-24.9489033645015,6.59844062498194,"MAG_148",6,0.5,11.8095238095238,6,"model_1"
"70","MAG_149",-5.31122084971867,-42.5307256415482,"MAG_149",2,0.75,0,2,"model_3"
"71","MAG_156",-7.21111042321375,18.8956002799764,"MAG_156",2,0.75,2,2,"model_1"
"72","MAG_159",-25.6780122629913,9.25445500870322,"MAG_159",9,0.531914893617021,32.6666666666667,9,"model_1"
"73","MAG_163",-3.06719528463404,3.96511833631245,"MAG_163",1,1,0,1,"model_1"
"74","MAG_166",-34.6366097570878,25.5563007951771,"MAG_166",1,1,0,1,"model_1"
"75","MAG_170",-0.0895176278839802,5.46804033807933,"MAG_170",2,1,0,2,"model_1"
"76","MAG_171",8.47176032824318,-25.5778996705425,"MAG_171",32,0.333333333333333,32.9304440107315,32,"model_3"
"77","MAG_173",12.1857159631741,8.58083902746837,"MAG_173",1,1,0,1,"model_2"
"78","MAG_174",11.4161506545113,28.0250651553148,"MAG_174",1,1,0,1,"model_1"
"79","MAG_177",-27.7128068789729,14.3687305436461,"MAG_177",1,1,0,1,"model_1"
"80","MAG_178",-23.6178063925422,35.8288923467375,"MAG_178",1,1,0,1,"model_1"
"81","MAG_179",30.7104962273251,-11.5478685169178,"MAG_179",46,0.398084815321477,534.462874299435,46,"model_3"
"82","MAG_180",7.01573271012469,15.6748627143386,"MAG_180",4,1,1,4,"model_1"
"83","MAG_183",-28.7434460152277,12.1015427206929,"MAG_183",7,0.510204081632653,21.1428571428571,7,"model_1"
"84","MAG_185",4.44061743622662,37.4337481561573,"MAG_185",1,1,0,1,"model_1"
"85","MAG_186",1.87164183370778,20.0734717533866,"MAG_186",3,0.8,0,3,"model_1"
"86","MAG_187",-4.17558579954619,26.9819636532662,"MAG_187",1,1,0,1,"model_1"
"87","MAG_189",-9.11257149211946,30.7726918593407,"MAG_189",1,1,0,1,"model_1"
"88","MAG_191",23.8547742274684,-34.0490521268061,"MAG_191",1,1,0,1,"model_3"
"89","MAG_192",-4.64432057506629,10.5024305145531,"MAG_192",26,0.315960912052117,34.0259849006992,26,"model_1"
"90","MAG_193",-26.6781551862523,18.5226953958779,"MAG_193",8,0.20335429769392,0.515151515151515,8,"model_1"
"91","MAG_194",-16.0774637506022,9.48546346460224,"MAG_194",3,1,0,3,"model_1"
"92","MAG_195",11.172860115945,-27.4330738901904,"MAG_195",11,0.298461538461538,152.898004022951,11,"model_3"
"93","MAG_196",-27.7883136625894,23.2364659954038,"MAG_196",4,1,0,4,"model_1"
"94","MAG_197",20.4490849334562,-3.82845165684192,"MAG_197",44,0.383399209486166,450.833238692336,44,"model_3"
"95","MAG_199",-2.67705084556085,6.89337742171032,"MAG_199",2,0.19917864476386,0,2,"model_1"
"96","MAG_200",-17.4668316806529,40.3749130084997,"MAG_200",16,0.308589607635207,525.224373360895,16,"model_1"
"97","MAG_201",10.9363336477973,-20.3978360060688,"MAG_201",64,0.38903743315508,538.403014219848,64,"model_3"
"98","MAG_205",14.0603922083067,-28.1912528963519,"MAG_205",67,0.415121255349501,759.080302382672,67,"model_3"
"99","MAG_207",-21.2478886759024,11.4457109005167,"MAG_207",8,0.20335429769392,0.515151515151515,8,"model_1"
"100","MAG_208",-11.745394424179,18.0805202071331,"MAG_208",8,0.299382716049383,60.9528333308142,8,"model_1"
"101","MAG_210",-12.5474579139363,41.7131124002284,"MAG_210",18,0.284457478005865,488.36931088776,18,"model_1"
"102","MAG_211",8.08227168592138,35.0800747693361,"MAG_211",22,0.328072153325817,312.774441359532,22,"model_1"
"103","MAG_212",-25.5744892724689,15.4444513413329,"MAG_212",55,0.366037735849057,216.842825718357,55,"model_1"
"104","MAG_213",8.55008989253609,-19.2005336320843,"MAG_213",4,0.286699507389163,132.128071314957,4,"model_3"
"105","MAG_214",14.3383755645134,-19.5597449383636,"MAG_214",1,0.0964214711729622,0,1,"model_3"
"106","MAG_215",-11.1646566823741,49.1306614491371,"MAG_215",11,0.568181818181818,8.61904761904762,11,"model_1"
"107","MAG_216",17.086761005967,-24.5072434343967,"MAG_216",37,0.350180505415162,231.208099669223,37,"model_3"
"108","MAG_217",-3.16895910826824,-19.1819937325453,"MAG_217",39,0.379895561357702,1661.1811923201,39,"model_3"
"109","MAG_219",18.095862225989,-9.56362447184542,"MAG_219",7,0.321192052980132,8.59688031344149,7,"model_3"
"110","MAG_221",-4.89279869018221,-21.5810125007882,"MAG_221",32,0.385430463576159,524.135485622039,32,"model_3"
"111","MAG_222",7.10830754806349,-8.82941748423844,"MAG_222",11,0.323333333333333,18.1920386465417,11,"model_3"
"112","MAG_226",-12.6001744756586,-23.7282953728743,"MAG_226",6,0.254816112084063,40.0109975467426,6,"model_3"
"113","MAG_227",32.6126024150923,-16.0212903064085,"MAG_227",5,0.308262711864407,0.105494505494505,5,"model_3"
"114","MAG_228",29.4014177085648,-37.5975553624433,"MAG_228",1,0.179518815545959,0,1,"model_3"
"115","MAG_229",27.2497462181626,-33.299679851262,"MAG_229",17,0.311563169164882,4.18048719379833,17,"model_3"
"116","MAG_230",8.98413434623419,-28.1085599767026,"MAG_230",4,0.265027322404372,1.29266276115002,4,"model_3"
"117","MAG_231",12.0892146929937,-19.3747218473295,"MAG_231",31,0.340350877192982,25.3256599216627,31,"model_3"
"118","MAG_233",-1.28851326399032,-31.172373997494,"MAG_233",42,0.34478672985782,125.296966536969,42,"model_3"
"119","MAG_236",-20.8367707736498,25.3698108792594,"MAG_236",2,1,0,2,"model_1"
"120","MAG_237",-32.0670635039381,21.5518118850991,"MAG_237",18,0.290709290709291,546.76247485434,18,"model_1"
"121","MAG_238",-13.7660358790336,18.7705659140123,"MAG_238",45,0.365577889447236,427.138416969682,45,"model_1"
"122","MAG_240",16.8826806543661,-6.63917847767091,"MAG_240",59,0.400275103163686,3263.33775894612,59,"model_3"
"123","MAG_241",-26.8063217500335,31.5355429432349,"MAG_241",22,0.321192052980132,1357.64070373108,22,"model_1"
"124","MAG_242",17.0909051591899,-27.5957150469483,"MAG_242",9,0.313577586206897,22.3692576775986,9,"model_3"
"125","MAG_243",-5.65422081572896,28.8643068498642,"MAG_243",1,1,0,1,"model_1"
"126","MAG_245",-9.62883826927108,33.1100078490328,"MAG_245",10,0.281431334622824,32.1007421547246,10,"model_1"
"127","MAG_246",1.15881346931572,15.8573952151124,"MAG_246",19,0.31978021978022,7.8970637501814,19,"model_1"
"128","MAG_247",3.26002811618953,31.7582316524936,"MAG_247",7,0.246401354784081,242.315212212493,7,"model_1"
"129","MAG_248",-1.12869694210998,-33.8544906823183,"MAG_248",7,0.231872509960159,251.90547777615,7,"model_3"
"130","MAG_249",4.62774284158035,-10.0425693891392,"MAG_249",37,0.334867663981588,81.3792875489734,37,"model_3"
"131","MAG_250",-3.71085067696773,-26.1732686113953,"MAG_250",10,0.322259136212625,50.9688817163912,10,"model_3"
"132","MAG_251",15.7073754730321,-39.8040253272793,"MAG_251",7,0.197690217391304,287.5,7,"model_3"
"133","MAG_253",17.1574028545416,-21.0426665087871,"MAG_253",6,0.282798833819242,60.7577336486957,6,"model_3"
"134","MAG_254",-19.6977173303349,6.26389128589154,"MAG_254",35,0.334098737083812,117.535958723372,35,"model_1"
"135","MAG_255",6.09958123584185,39.4004801556439,"MAG_255",1,1,0,1,"model_1"
"136","MAG_256",6.07014819916223,12.0100863792821,"MAG_256",1,0.247238742565845,0,1,"model_1"
"137","MAG_257",-20.5045018294528,40.1558901668129,"MAG_257",22,0.326233183856502,1426.04926499591,22,"model_1"
"138","MAG_259",-7.25885818068693,41.4265956238072,"MAG_259",3,0.256161971830986,0,3,"model_1"
"139","MAG_260",12.2700469720343,-8.10687467062629,"MAG_260",10,0.297242083758938,52.7202941082976,10,"model_3"
"140","MAG_264",-0.245863690316076,-42.6477563186368,"MAG_264",2,0.202223766504517,0,2,"model_3"
"141","MAG_268",-9.35409139771504,4.09626596768238,"MAG_268",6,0.285294117647059,1.28860181806129,6,"model_1"
"142","MAG_269",0.0938516461568,-36.7750332428532,"MAG_269",1,1,0,1,"model_3"
"143","MAG_272",-15.6982333911001,31.8009161836646,"MAG_272",3,1,0,3,"model_1"
"144","MAG_273",3.45434976676264,43.3969444932861,"MAG_273",11,0.568181818181818,8.61904761904762,11,"model_1"
"145","MAG_274",-2.17900916325408,42.9573325077577,"MAG_274",11,0.568181818181818,8.45238095238095,11,"model_1"
"146","MAG_275",-13.7672515497906,17.0779976908017,"MAG_275",17,0.308589607635207,698.479628101185,17,"model_1"
"147","MAG_277",-6.95509444261164,3.16620722994422,"MAG_277",25,0.327702702702703,275.698832404748,25,"model_1"
"148","MAG_278",-3.67497693206656,-31.7919510678828,"MAG_278",53,0.377922077922078,505.497070198737,53,"model_3"
"149","MAG_279",-18.8610951964179,31.4860447921512,"MAG_279",12,0.581395348837209,12.1190476190476,12,"model_1"
"150","MAG_280",-29.0629244918788,27.1701677338399,"MAG_280",5,0.267217630853994,18.7576517346109,5,"model_1"
"151","MAG_281",1.07855888467096,37.0869914270394,"MAG_281",1,1,0,1,"model_1"
"152","MAG_282",5.15230529235529,-24.9415851272578,"MAG_282",6,0.272727272727273,90.3463049253358,6,"model_3"
"153","MAG_283",-5.57369857765479,5.33690783355555,"MAG_283",36,0.344378698224852,136.650354639478,36,"model_1"
"154","MAG_284",34.0895196108503,-21.6300768490989,"MAG_284",3,1,0,3,"model_3"
"155","MAG_285",3.35503907742462,33.9949859836094,"MAG_285",2,1,0,2,"model_1"
"156","MAG_286",4.20788727842623,17.5562669678065,"MAG_286",8,0.20335429769392,0.515151515151515,8,"model_1"
"157","MAG_287",-9.48725240625392,16.9838523346449,"MAG_287",4,0.240894039735099,1.14503688799463,4,"model_1"
"158","MAG_288",-15.4296255882324,17.3962762235251,"MAG_288",20,0.315618221258134,374.312201624746,20,"model_1"
"159","MAG_289",6.81049605850311,-28.273153818977,"MAG_289",2,1,1,2,"model_3"
"160","MAG_290",1.71146261900842,14.1705277424728,"MAG_290",26,0.315960912052117,34.0259849006992,26,"model_1"
"161","MAG_291",5.15909284285048,-18.4333748258546,"MAG_291",6,0.279002876318313,578,6,"model_3"
"162","MAG_292",-5.05882497896931,31.2825420434087,"MAG_292",16,0.694444444444444,155.142857142857,16,"model_1"
"163","MAG_293",-30.3280539208178,23.6486735486733,"MAG_293",8,0.20335429769392,0.515151515151515,8,"model_1"
"164","MAG_294",-1.5719714693681,10.6186212526949,"MAG_294",10,0.543478260869565,2.66666666666667,10,"model_1"
"165","MAG_295",-8.74664569517444,47.392791478463,"MAG_295",1,0.193227091633466,0,1,"model_1"
"166","MAG_296",-27.6972273578427,29.7882386427397,"MAG_296",17,0.285854616895874,112.2545798655,17,"model_1"
"167","MAG_297",6.31198489112919,-45.5556104628011,"MAG_297",69,0.394308943089431,554.117063711819,69,"model_3"
"168","MAG_298",-7.60169245852691,32.3642860376263,"MAG_298",3,0.8,0,3,"model_1"
"169","MAG_299",27.9016719224361,-20.6820945907461,"MAG_299",58,0.382391590013141,395.214066109061,58,"model_3"
"170","MAG_300",-15.2306898657611,45.3525856515713,"MAG_300",36,0.344378698224852,136.650354639478,36,"model_1"
"171","MAG_301",23.5339870147039,-36.9438354868621,"MAG_301",8,0.197824609109449,290,8,"model_3"
"172","MAG_302",26.8134434064248,-17.3026783126485,"MAG_302",9,0.335253456221198,6.45404049726713,9,"model_3"
"173","MAG_303",-28.6183253707221,16.6887292321862,"MAG_303",34,0.332191780821918,244.321024710283,34,"model_1"
"174","MAG_304",-6.76660066388013,16.0554933479574,"MAG_304",30,0.369289340101523,871.187171479353,30,"model_1"
"175","MAG_305",11.3191754523487,-17.2534020369148,"MAG_305",18,0.315618221258134,11.9832083570728,18,"model_3"
"176","MAG_306",-15.5291372068085,42.4983857390706,"MAG_306",3,1,0,3,"model_1"
"177","MAG_307",18.2094494302966,-47.273286104466,"MAG_307",7,0.274011299435028,100.601851383096,7,"model_3"
"178","MAG_308",9.32935204123105,-30.9272744206519,"MAG_308",32,0.330681818181818,57.408616255522,32,"model_3"
"179","MAG_309",-4.95411359088971,-27.8726161087674,"MAG_309",12,0.305672268907563,317.078959426725,12,"model_3"
"180","MAG_310",-4.27107419887746,20.0704964022609,"MAG_310",32,0.342352941176471,94.2176753288802,32,"model_1"
"181","MAG_311",-16.4030525814786,33.9447883997879,"MAG_311",11,0.248717948717949,796.236949223813,11,"model_1"
"182","MAG_312",23.4959088131471,-12.9683332677897,"MAG_312",8,0.280346820809249,492.467402232567,8,"model_3"
"183","MAG_313",-29.4587678949975,20.4773161944778,"MAG_313",2,1,0,2,"model_1"
"184","MAG_314",-21.1936128396171,22.3160438523121,"MAG_314",37,0.345195729537367,618.6209425078,37,"model_1"
"185","MAG_315",-28.9688862486333,31.2614821320983,"MAG_315",32,0.335640138408304,245.184062588121,32,"model_1"
"186","MAG_316",-26.9623591935685,33.1236648434463,"MAG_316",8,0.20335429769392,0.515151515151515,8,"model_1"
"187","MAG_317",-3.24839039732131,22.797544802925,"MAG_317",4,1,0,4,"model_1"
"188","MAG_318",-14.6192037631776,7.00811122470553,"MAG_318",11,0.555555555555556,6.33333333333333,11,"model_1"
"189","MAG_319",-13.5664183658733,35.1306786315428,"MAG_319",3,0.203781512605042,0,3,"model_1"
"190","MAG_320",27.0527088500539,-28.3597160984616,"MAG_320",2,0.165340909090909,0,2,"model_3"
"191","MAG_321",-8.78849293525366,-31.9692562000769,"MAG_321",26,0.346016646848989,421.268824359717,26,"model_3"
"192","MAG_322",-30.2147452867005,39.2372621096176,"MAG_322",3,0.373134328358209,0,3,"model_1"
"193","MAG_323",19.9667790368174,-45.5085905761176,"MAG_323",10,0.305351521511018,53.0858917329777,10,"model_3"
"194","MAG_324",0.295579366320082,8.29930604226983,"MAG_324",1,0.24009900990099,0,1,"model_1"
"195","MAG_327",-18.6149390923435,18.0196178855636,"MAG_327",30,0.354445797807552,214.047930578432,30,"model_1"
"196","MAG_328",6.56717605010119,-31.0263760611197,"MAG_328",44,0.375,216.847012312224,44,"model_3"
"197","MAG_329",4.59803789775415,-27.4541502112945,"MAG_329",6,0.315960912052117,39.8592875940568,6,"model_3"
"198","MAG_330",14.7966946256529,-31.1906749783126,"MAG_330",70,0.413352272727273,804.624914899265,70,"model_3"
"199","MAG_332",27.5644901089513,-26.1617539570271,"MAG_332",4,0.283073929961089,1.96745601289556,4,"model_3"
"200","MAG_334",3.47288353014596,-22.2276474051497,"MAG_334",11,0.318380743982495,0.0548245614035088,11,"model_3"
"201","MAG_335",10.5309674864858,19.3088980657107,"MAG_335",1,0.5,0,1,"model_1"
"202","MAG_336",-6.88095539314018,8.57256558530685,"MAG_336",21,0.330681818181818,235.019631224531,21,"model_1"
"203","MAG_337",11.5992241074061,-41.1135979805942,"MAG_337",7,0.220789074355083,677.969501279068,7,"model_3"
"204","MAG_338",-2.94634541286711,29.4130027804932,"MAG_338",12,0.309245483528162,3.75412998096052,12,"model_1"
"205","MAG_339",16.8605821091674,-29.978261733477,"MAG_339",25,0.346428571428571,377.104329276071,25,"model_3"
"206","MAG_340",-28.7348050971169,8.81321624705466,"MAG_340",32,0.34684147794994,327.444737687199,32,"model_1"
"207","MAG_341",17.2653846469884,-17.8592232191318,"MAG_341",21,0.318032786885246,2683.34172908333,21,"model_3"
"208","MAG_342",-6.86962165929899,-35.4246741997679,"MAG_342",42,0.387483355525965,356.877873472821,42,"model_3"
"209","MAG_343",23.112161564074,-9.82557461536382,"MAG_343",1,0.181761399125547,0,1,"model_3"
"210","MAG_344",-11.8374330505012,15.1552954969736,"MAG_344",55,0.379895561357702,341.79343712486,55,"model_1"
"211","MAG_346",18.9192835390196,-38.2709906720657,"MAG_346",51,0.369289340101523,102.642109824945,51,"model_3"
"212","MAG_347",29.4592318961735,-24.0718495255911,"MAG_347",14,0.310897435897436,33.6250585873179,14,"model_3"
"213","MAG_348",-13.4984375599003,44.1555950338978,"MAG_348",2,1,0,2,"model_1"
"214","MAG_349",-6.55367766391892,33.4945790423241,"MAG_349",3,1,0,3,"model_1"
"215","MAG_350",-21.1197102466918,27.6087622911453,"MAG_350",1,0.666666666666667,0,1,"model_1"
"216","MAG_351",-1.04205663789372,-12.9944542549781,"MAG_351",7,0.24453781512605,1132.5,7,"model_3"
"217","MAG_352",-3.09281981194056,-15.7061346398163,"MAG_352",3,0.20435393258427,0,3,"model_3"
"218","MAG_353",5.73573673276565,-40.702332499384,"MAG_353",5,0.278735632183908,25.0271907862389,5,"model_3"
"219","MAG_354",27.0058075392066,-14.2202003944856,"MAG_354",28,0.348920863309353,286.99011165485,28,"model_3"
"220","MAG_355",8.18782224278313,-15.7427661767897,"MAG_355",23,0.345605700712589,369.283544696348,23,"model_3"
"221","MAG_357",-21.0048056048088,29.7455148463098,"MAG_357",28,0.350180505415162,103.824540273659,28,"model_1"
"222","MAG_358",9.05113493858926,-41.4705815012181,"MAG_358",3,0.24009900990099,5.21985913598524,3,"model_3"
"223","MAG_359",-11.1071398145071,35.215909125824,"MAG_359",60,0.371173469387755,331.742931847803,60,"model_1"
"224","MAG_360",1.72584477658146,-44.201542506383,"MAG_360",5,0.27196261682243,0,5,"model_3"
"225","MAG_361",11.0273586530348,-31.8782403820484,"MAG_361",13,0.326599326599327,73.0855146910827,13,"model_3"
"226","MAG_362",2.60361369977168,-9.08601398677023,"MAG_362",4,0.216840536512668,0,4,"model_3"
"227","MAG_363",17.9318686403065,-39.25773593802,"MAG_363",18,0.322616407982262,11.8634565383342,18,"model_3"
"228","MAG_364",26.4868879054365,-10.9847199259837,"MAG_364",31,0.334867663981588,122.16505140201,31,"model_3"
"229","MAG_365",-12.3605068107133,-32.565293481713,"MAG_365",3,0.183249370277078,1590.76946788853,3,"model_3"
"230","MAG_366",4.53098403850013,-3.65783122436317,"MAG_366",2,0.181875,123.230532111474,2,"model_3"
"231","MAG_367",-31.0375860558226,18.1395650982679,"MAG_367",10,0.307610993657505,240.713630890741,10,"model_1"
"232","MAG_368",6.00742274467482,23.4383937972064,"MAG_368",26,0.357493857493857,237.385981356413,26,"model_1"
"233","MAG_369",28.9008378808526,-40.7238332986889,"MAG_369",69,0.388518024032043,861.640779151975,69,"model_3"
"234","MAG_370",20.2478516695773,-24.6271131336573,"MAG_370",59,0.375,243.823782589171,59,"model_3"
"235","MAG_371",-24.0770861076223,38.4322327263797,"MAG_371",15,0.311563169164882,711.969033862303,15,"model_1"
"236","MAG_372",-7.81062814542449,35.8499490177876,"MAG_372",21,0.321192052980132,60.4625618055911,21,"model_1"
"237","MAG_373",7.00072303362597,37.1767365291771,"MAG_373",32,0.321902654867257,168.759655026224,32,"model_1"
"238","MAG_374",12.5245173876592,-32.9231806151905,"MAG_374",61,0.383905013192612,485.063511113684,61,"model_3"
"239","MAG_376",-14.7830345021443,13.497854692192,"MAG_376",9,0.203924316748423,15.030303030303,9,"model_1"
"240","MAG_377",-8.04418620053704,6.48480768612844,"MAG_377",7,0.247448979591837,209.863600002567,7,"model_1"
"241","MAG_378",-5.26117034758074,-24.533309297556,"MAG_378",3,0.219457013574661,0,3,"model_3"
"242","MAG_379",-4.02314301745278,16.9141180935269,"MAG_379",40,0.380890052356021,1143.14874777014,40,"model_1"
"243","MAG_381",-33.0728959211407,28.5527114767334,"MAG_381",25,0.332951945080092,120.002952785259,25,"model_1"
"244","MAG_382",15.5981253710543,-15.5837027337057,"MAG_382",11,0.303441084462982,83.9850134998229,11,"model_3"
"245","MAG_383",28.5890538249041,-18.5325680637289,"MAG_383",24,0.344378698224852,369.862785444548,24,"model_3"
"246","MAG_384",20.0227855480108,-39.8740646034914,"MAG_384",39,0.347670250896057,323.003434092429,39,"model_3"
"247","MAG_385",14.6914313980761,-48.1660487676725,"MAG_385",26,0.341549295774648,180.771398464743,26,"model_3"
"248","MAG_386",20.1696573600063,-20.0071501930012,"MAG_386",37,0.372599231754161,426.611104009244,37,"model_3"
"249","MAG_387",9.39042865477026,-6.63485211658765,"MAG_387",20,0.361042183622829,2239.74475902164,20,"model_3"
"250","MAG_388",9.04186287175792,-46.7493556745676,"MAG_388",68,0.394308943089431,703.218806109521,68,"model_3"
"251","MAG_390",2.37190502852457,-38.3119169269024,"MAG_390",26,0.343565525383707,650.165928314892,26,"model_3"
"252","MAG_391",25.4791683435026,-42.4327211001638,"MAG_391",4,0.182330827067669,290,4,"model_3"
"253","MAG_393",-32.3110937931206,24.9892444292006,"MAG_393",25,0.331435079726651,71.2821529059512,25,"model_1"
"254","MAG_394",3.19898155530304,8.96053587991915,"MAG_394",1,0.185350318471338,0,1,"model_1"
"255","MAG_395",20.7293797384632,-7.29382731429067,"MAG_395",2,0.165340909090909,0,2,"model_3"
"256","MAG_396",11.972701512824,-6.06900242318943,"MAG_396",66,0.408707865168539,674.314340816525,66,"model_3"
"257","MAG_397",28.4773274807356,-30.2786482791218,"MAG_397",56,0.390604026845638,447.796040872667,56,"model_3"
"258","MAG_398",-22.5088884421196,8.42122895513014,"MAG_398",30,0.339160839160839,413.645918808584,30,"model_1"
"259","MAG_399",2.14161695488323,39.1809075481842,"MAG_399",65,0.38441215323646,1919.71177240304,65,"model_1"
"260","MAG_400",-2.80716141632764,40.6514132325406,"MAG_400",18,0.319078947368421,62.7081100769845,18,"model_1"
"261","MAG_401",-20.9924854438071,20.145481181146,"MAG_401",6,0.239309210526316,299.473409600025,6,"model_1"
"262","MAG_402",30.9013408420516,-21.3564948336341,"MAG_402",51,0.398084815321477,922.453911920627,51,"model_3"
"263","MAG_403",19.6528689506213,-27.8334905243072,"MAG_403",10,0.280617164898746,17.1227351174998,10,"model_3"
"264","MAG_404",23.0939657498043,-39.730254023123,"MAG_404",6,0.244332493702771,849,6,"model_3"
"265","MAG_405",-3.86913350488877,-8.15865162033976,"MAG_405",64,0.409859154929577,660.035318109543,64,"model_3"
"266","MAG_407",-7.54634921280967,-22.8793127659112,"MAG_407",2,1,0,2,"model_3"
"267","MAG_409",5.70450188955603,28.9194452172546,"MAG_409",10,0.254370629370629,222.412094389555,10,"model_1"
"268","MAG_410",-11.9823052558053,-26.7401165730906,"MAG_410",9,0.221967963386728,2508.35272080831,9,"model_3"
"269","MAG_412",-3.09742079043959,-13.1241300793083,"MAG_412",62,0.367424242424242,296.191636275072,62,"model_3"
"270","MAG_413",4.47073879294964,-7.59414172572233,"MAG_413",6,0.231319554848967,563.968151500794,6,"model_3"
"271","MAG_414",35.5384778339847,-23.3602439617797,"MAG_414",4,0.230952380952381,61.3650002566512,4,"model_3"
"272","MAG_416",-11.9416828449647,37.8481091063971,"MAG_416",1,0.243922883487008,0,1,"model_1"
"273","MAG_417",-1.45183981823376,26.9351555809321,"MAG_417",26,0.330681818181818,451.441478083158,26,"model_1"
"274","MAG_418",-23.9635034334119,23.8496344094608,"MAG_418",6,0.302809573361082,0.0588235294117647,6,"model_1"
"275","MAG_421",-25.7255071102078,26.480135681372,"MAG_421",18,0.300619834710744,25.6908574731672,18,"model_1"
"276","MAG_424",6.10863778052476,31.9813642653637,"MAG_424",11,0.272727272727273,663.623471062704,11,"model_1"
"277","MAG_425",15.4555370539629,11.9011123690095,"MAG_425",4,0.224191063174114,349.260204298147,4,"model_2"
"278","MAG_427",20.4839886379017,-16.5446959373194,"MAG_427",8,0.306962025316456,123.667897899569,8,"model_3"
"279","MAG_428",-24.0021548041144,11.440207503822,"MAG_428",6,0.409836065573771,0.285714285714286,6,"model_1"
"280","MAG_429",28.5372976695572,-27.5468294488706,"MAG_429",63,0.388,373.318544826238,63,"model_3"
"281","MAG_431",-0.570200213191404,29.1565404110955,"MAG_431",18,0.335253456221198,99.878794357585,18,"model_1"
"282","MAG_434",-9.00146599475606,14.2474078233503,"MAG_434",15,0.323692992213571,82.8950576903778,15,"model_1"
"283","MAG_435",14.0097348326597,-6.37204181479651,"MAG_435",6,0.19755600814664,0.5,6,"model_3"
"284","MAG_436",4.87651775953867,-15.0653146637482,"MAG_436",39,0.390604026845638,238.993248742759,39,"model_3"
"285","MAG_437",0.604337191729211,-39.3688187961944,"MAG_437",62,0.407563025210084,1136.23238113986,62,"model_3"
"286","MAG_438",6.28209203130556,-1.75026224018831,"MAG_438",2,0.1552,6,2,"model_3"
"287","MAG_440",-8.76315722056961,38.9973056902508,"MAG_440",7,0.299691040164779,57.355901874502,7,"model_1"
"288","MAG_441",13.0230859272561,-14.2228768813596,"MAG_441",31,0.368354430379747,867.71885726814,31,"model_3"
"289","MAG_444",-19.6593388226957,34.8698593169234,"MAG_444",33,0.348086124401914,98.3024940411615,33,"model_1"
"290","MAG_445",32.1767502088891,-10.2681568404016,"MAG_445",10,0.315960912052117,233.520599510452,10,"model_3"
"291","MAG_447",13.2736120751945,10.5375145422054,"MAG_447",30,0.336805555555556,123.694214155544,30,"model_2"
"292","MAG_448",0.885127392947728,-24.0956499718654,"MAG_448",4,0.299691040164779,182.336134010508,4,"model_3"
"293","MAG_450",18.0298067574945,-42.3341925349456,"MAG_450",6,0.30503144654088,528.260878898305,6,"model_3"
"294","MAG_453",7.99472708322048,1.27534097304119,"MAG_453",4,0.241895261845387,13.5198465663953,4,"model_3"
"295","MAG_455",-21.1998627161721,31.2745177925112,"MAG_455",26,0.331812998859749,83.458255618737,26,"model_1"
"296","MAG_456",10.2142658024508,-32.6606209955376,"MAG_456",6,0.318032786885246,3.27389873398171,6,"model_3"
"297","MAG_457",-4.64124022555898,-17.4716293029981,"MAG_457",3,0.289840637450199,1.58986750543233,3,"model_3"
"298","MAG_458",-1.30787271550797,-10.0523027008536,"MAG_458",2,1,0,2,"model_3"
"299","MAG_459",29.4336343316957,-32.1026040970607,"MAG_459",3,1,0.5,3,"model_3"
"300","MAG_461",-1.92004807745893,31.8248065623437,"MAG_461",28,0.31978021978022,180.847815722185,28,"model_1"
"301","MAG_462",29.4440570209589,-9.85363870840057,"MAG_462",1,0.5,0,1,"model_3"
"302","MAG_463",-15.664974952424,36.9294275284605,"MAG_463",63,0.375483870967742,1129.59230546099,63,"model_1"
"303","MAG_464",17.2739403301406,-33.3531780146787,"MAG_464",18,0.340749414519906,1040.42533550581,18,"model_3"
"304","MAG_465",-5.35903475409252,-39.5769775505452,"MAG_465",16,0.319429198682766,2503.25462508566,16,"model_3"
"305","MAG_466",8.02340602504058,-33.0711939150505,"MAG_466",8,0.318032786885246,44.7674982580596,8,"model_3"
"306","MAG_467",30.0687737109046,-26.8261562893479,"MAG_467",11,0.336027713625866,76.3912596771138,11,"model_3"
"307","MAG_468",-25.9988851381524,12.7535646258538,"MAG_468",5,0.245984784446323,21.6298569091903,5,"model_1"
"308","MAG_469",9.85219608595424,-12.5864620975879,"MAG_469",2,0.256161971830986,0,2,"model_3"
"309","MAG_470",10.5803265918556,-34.3131306525557,"MAG_470",44,0.364205256570713,121.683643010076,44,"model_3"
"310","MAG_471",21.9392764591255,-26.4550737008002,"MAG_471",17,0.315960912052117,217.694228997801,17,"model_3"
"311","MAG_472",-10.3787320813191,-22.9339832735753,"MAG_472",9,0.313577586206897,63.8390159053627,9,"model_3"
"312","MAG_473",22.2051632879404,-23.0803943855567,"MAG_473",58,0.385941644562334,590.120005941448,58,"model_3"
"313","MAG_474",-23.1603331330869,20.3740220634612,"MAG_474",2,1,0,2,"model_1"
"314","MAG_475",-29.9306234634876,28.7990888819199,"MAG_475",1,0.183249370277078,0,1,"model_1"
"315","MAG_476",-19.7951505291353,15.0817113412646,"MAG_476",8,0.249785407725322,421.809266616758,8,"model_1"
"316","MAG_478",-4.37353216177637,-34.8003883144592,"MAG_478",1,0.219457013574661,0,1,"model_3"
"317","MAG_479",-10.2635973458347,-30.7304831976069,"MAG_479",3,0.196356275303644,9.70449542997497,3,"model_3"
"318","MAG_480",14.4818834943081,-33.5635364096739,"MAG_480",27,0.345605700712589,186.028817165656,27,"model_3"
"319","MAG_482",8.39779755473757,-35.5534744749707,"MAG_482",25,0.370700636942675,1337.38725438461,25,"model_3"
"320","MAG_483",22.9678780430479,-20.3645127285025,"MAG_483",2,0.272727272727273,1.49215789649765,2,"model_3"
"321","MAG_485",15.1394745664474,8.6279990544422,"MAG_485",4,0.252823631624674,388.48108296542,4,"model_2"
"322","MAG_486",2.35698256055216,-28.5545407429289,"MAG_486",9,0.322259136212625,401.787498230445,9,"model_3"
"323","MAG_487",-2.71131224929171,-37.4034056094618,"MAG_487",45,0.367888748419722,601.6074305767,45,"model_3"
"324","MAG_488",4.66987136429235,-31.4597323148787,"MAG_488",36,0.361042183622829,43.5467566298682,36,"model_3"
"325","MAG_489",0.401012806772949,25.4255940197944,"MAG_489",9,0.286417322834646,113.969030807804,9,"model_1"
"326","MAG_490",26.2161232704842,-36.4672557225204,"MAG_490",6,0.227877838684417,28.7670588634979,6,"model_3"
"327","MAG_492",30.7214101122367,-29.1252658309999,"MAG_492",1,1,0,1,"model_3"
"328","MAG_493",28.0905458299241,-35.393961155923,"MAG_493",6,0.299382716049383,3.7327947991089,6,"model_3"
"329","MAG_494",18.0029865776528,-14.1091215898619,"MAG_494",30,0.337587006960557,59.5128448367193,30,"model_3"
"330","MAG_495",9.1661545643797,32.4175582497198,"MAG_495",5,0.22734375,291.248311184414,5,"model_1"
"331","MAG_496",-7.5230108472047,-37.5659774453752,"MAG_496",1,1,0,1,"model_3"
"332","MAG_497",-5.17465067996141,36.2734050790769,"MAG_497",12,0.304393305439331,52.3958483892883,12,"model_1"
"333","MAG_498",7.02455813117041,-42.6783581635584,"MAG_498",59,0.376455368693402,236.240433401806,59,"model_3"
"334","MAG_499",15.3328502502671,-34.9134750875287,"MAG_499",5,0.274787535410765,231.175083120337,5,"model_3"
"335","MAG_500",6.51441599480346,-5.3109393255476,"MAG_500",49,0.372122762148338,191.436412617063,49,"model_3"
"336","MAG_501",-11.5192178561363,-18.4027840289208,"MAG_501",33,0.389558232931727,470.932447425668,33,"model_3"
"337","MAG_502",-28.3241869578115,33.0977624859326,"MAG_502",4,0.227166276346604,1.24831118441409,4,"model_1"
"338","MAG_503",22.1788046445196,-29.3994819950007,"MAG_503",3,0.276615969581749,37.6323920039663,3,"model_3"
"339","MAG_505",0.435976962797598,-7.38678970230638,"MAG_505",2,0.106671554252199,290,2,"model_3"
"340","MAG_507",15.1861637459357,-5.68555743507906,"MAG_507",47,0.410437235543018,2324.25902531515,47,"model_3"
"341","MAG_508",6.09898221695728,-33.1553638660193,"MAG_508",13,0.334867663981588,348.670567162768,13,"model_3"
"342","MAG_509",-2.10145066434778,-5.62606964717484,"MAG_509",19,0.313240043057051,150.923684031526,19,"model_3"
"343","MAG_510",13.0812338902571,-35.7257565585693,"MAG_510",34,0.372599231754161,310.587304571999,34,"model_3"
"344","MAG_513",28.48068243186,-7.39188559526383,"MAG_513",2,0.155614973262032,1148,2,"model_3"
"345","MAG_514",-0.130664635400018,-20.8720115789276,"MAG_514",3,0.276879162702188,0,3,"model_3"
"346","MAG_515",10.506397650755,-37.9152533667478,"MAG_515",2,0.218632607062359,290,2,"model_3"
"347","MAG_516",15.5236905368811,-11.9489695570389,"MAG_516",8,0.236777868185517,71.5678730474177,8,"model_3"
"348","MAG_517",2.33552619568127,-17.2915773363828,"MAG_517",11,0.336416184971098,151.216496214108,11,"model_3"
"349","MAG_518",4.53980701523422,-32.8155822537332,"MAG_518",41,0.37890625,1174.13322454583,41,"model_3"
"350","MAG_519",2.21797143264641,-30.5040008353753,"MAG_519",2,0.135097493036212,864,2,"model_3"
"351","MAG_520",2.16039791458691,-33.0763307007418,"MAG_520",8,0.288977159880834,46.6826097653739,8,"model_3"
"352","MAG_522",0.94500379239941,-27.4787810526674,"MAG_522",28,0.354014598540146,199.16015606626,28,"model_3"
"353","MAG_524",15.3528576477464,-2.36121300028852,"MAG_524",14,0.260986547085202,1393.98684912886,14,"model_3"
"354","MAG_525",-5.0734802287237,-10.062272005982,"MAG_525",1,1,0,1,"model_3"
"355","MAG_526",26.1151760358533,-5.52841246845914,"MAG_526",32,0.36239103362391,440.84344400363,32,"model_3"
"356","MAG_528",1.92376782358977,-14.6802990992023,"MAG_528",11,0.341950646298472,404.176397049074,11,"model_3"
"357","MAG_529",2.90554814850878,-1.90069275845086,"MAG_529",4,0.279538904899135,53.8183853813328,4,"model_3"
"358","MAG_530",23.5891628648035,-44.8753740362213,"MAG_530",4,0.216840536512668,0,4,"model_3"
"359","MAG_531",-6.17547775053283,-17.6199954148568,"MAG_531",12,0.291583166332665,658.064192722896,12,"model_3"
"360","MAG_532",18.7717184246975,-6.1710983395261,"MAG_532",4,0.191699604743083,14.6279118928876,4,"model_3"
"361","MAG_533",33.5184094529697,-33.8764725285643,"MAG_533",6,0.19755600814664,0.5,6,"model_3"
"362","MAG_534",6.50747797730883,-48.3126414373049,"MAG_534",16,0.261926192619262,2572.60156861512,16,"model_3"
"363","MAG_535",5.64664468131528,-35.2877768871421,"MAG_535",46,0.398084815321477,431.530689806961,46,"model_3"
"364","MAG_536",-21.7441634602603,5.23488196359117,"MAG_536",3,0.280076997112608,5.43928540311952,3,"model_1"
"365","MAG_537",10.0147393408045,-43.4913644130005,"MAG_537",15,0.314935064935065,89.0330684404636,15,"model_3"
"366","MAG_539",6.70762862298324,-13.9196907447415,"MAG_539",8,0.255263157894737,246.036651622953,8,"model_3"
"367","MAG_540",3.47080384602645,-5.42343468450726,"MAG_540",4,0.19728813559322,0,4,"model_3"
"368","MAG_541",-21.6770582816824,32.8984245202313,"MAG_541",11,0.288118811881188,1.2227930459952,11,"model_1"
"369","MAG_542",29.8576235702071,-15.834126283025,"MAG_542",3,0.264545454545455,3.81173564445977,3,"model_3"
"370","MAG_543",24.9947778901597,-24.9979987914638,"MAG_543",25,0.34684147794994,178.757616672686,25,"model_3"
"371","MAG_545",13.9986684099725,-0.812992043376582,"MAG_545",34,0.353584447144593,710.44078542847,34,"model_3"
"372","MAG_546",32.4218274337246,-18.6842392621258,"MAG_546",17,0.350180505415162,571.56271678867,17,"model_3"
"373","MAG_547",6.8457408821993,-12.0991662677418,"MAG_547",28,0.364661654135338,580.499492464042,28,"model_3"
"374","MAG_548",-30.8645931656863,26.4551822020336,"MAG_548",2,0.26599634369287,0.779608619048715,2,"model_1"
"375","MAG_549",23.650267443077,-17.7272171680696,"MAG_549",61,0.416905444126074,1188.50337159277,61,"model_3"
"376","MAG_550",12.6371434579146,-11.0803870549755,"MAG_550",28,0.344378698224852,412.854403645417,28,"model_3"
"377","MAG_551",-8.35762153845836,-34.4567902643049,"MAG_551",23,0.323692992213571,2508.63860596392,23,"model_3"
"378","MAG_552",-6.22752782842594,-15.2613880266183,"MAG_552",26,0.360594795539033,356.937396252139,26,"model_3"
"379","MAG_553",-22.5062558044116,30.6923993434995,"MAG_553",8,0.249785407725322,421.809266616758,8,"model_1"
"380","MAG_554",0.0905848645707188,-29.4842143810464,"MAG_554",1,1,0,1,"model_3"
"381","MAG_556",0.800125266996096,-2.38299520301002,"MAG_556",15,0.309245483528162,1.54528597889231,15,"model_3"
"382","MAG_557",22.0234110864951,-31.7843702101973,"MAG_557",51,0.394308943089431,791.104966147323,51,"model_3"
"383","MAG_558",12.2181620299981,-45.5940195370562,"MAG_558",12,0.310565635005336,158.192334442954,12,"model_3"
"384","MAG_559",-0.400701940119378,-17.6063276838715,"MAG_559",2,1,0,2,"model_3"
"385","MAG_560",2.88301704358518,-36.0790787204646,"MAG_560",6,0.255039439088519,2.17959209510161,6,"model_3"
"386","MAG_561",-9.40221230456487,-28.608027601194,"MAG_561",25,0.328442437923251,124.312965042426,25,"model_3"
"387","MAG_562",-14.2675197972369,3.75020855021242,"MAG_562",3,0.239901071723001,0.333333333333333,3,"model_1"
"388","MAG_563",-9.5774389719924,-25.0244440776723,"MAG_563",36,0.355311355311355,1501.11915721752,36,"model_3"
"389","MAG_565",24.5066335772429,-28.146672572568,"MAG_565",67,0.409282700421941,723.771959456181,67,"model_3"
"390","MAG_566",27.7647419308242,-42.5842312483583,"MAG_566",5,0.252823631624674,582.337365840794,5,"model_3"
"391","MAG_567",17.0698421601491,-36.8238749997176,"MAG_567",20,0.341549295774648,266.249126477279,20,"model_3"
"392","MAG_568",0.899040767768252,-4.43751031534944,"MAG_568",17,0.31664853101197,387.927430886649,17,"model_3"
"393","MAG_570",-28.2426899869048,34.9216985076269,"MAG_570",10,0.296636085626911,336.763656204052,10,"model_1"
"394","MAG_571",-6.51116509072155,-8.9369069074103,"MAG_571",17,0.318380743982495,166.656168287236,17,"model_3"
"395","MAG_572",10.4215492109519,-4.71428320675263,"MAG_572",24,0.356617647058824,231.896371376982,24,"model_3"
"396","MAG_575",13.894409408949,-3.95443297655473,"MAG_575",49,0.392712550607287,484.231446833933,49,"model_3"
"397","MAG_576",-10.1553663833411,-33.7649773947648,"MAG_576",2,0.208005718370264,10.6996728247165,2,"model_3"
"398","MAG_577",-1.57391215142306,-2.28759978050564,"MAG_577",28,0.32955832389581,19.9394764465445,28,"model_3"
"399","MAG_578",20.9554370020734,-33.7724318257267,"MAG_578",11,0.342352941176471,315.765983473249,11,"model_3"
"400","MAG_579",14.5998139080686,-37.5760246878857,"MAG_579",17,0.342756183745583,269.09688061272,17,"model_3"
"401","MAG_581",-2.1113061234064,-40.5316581400051,"MAG_581",1,0.666666666666667,0,1,"model_3"
"402","MAG_582",4.3278138977869,-12.2611589521713,"MAG_582",12,0.322259136212625,7.38165443987664,12,"model_3"
"403","MAG_583",9.11932648753365,-1.14601575699474,"MAG_583",27,0.350602409638554,341.43622593263,27,"model_3"
"404","MAG_584",20.6346497893089,-36.6672151857827,"MAG_584",23,0.338372093023256,51.0277586502022,23,"model_3"
"405","MAG_585",-5.443494873427,-12.2884901742881,"MAG_585",6,0.280888030888031,986.974721149179,6,"model_3"
"406","MAG_586",-6.73384807468038,-33.1900237675437,"MAG_586",50,0.396457765667575,2692.77175256365,50,"model_3"
"407","MAG_587",31.7102152897998,-25.507386357543,"MAG_587",17,0.330681818181818,37.2071413229046,17,"model_3"
"408","MAG_588",36.1528883107373,-15.5051784194512,"MAG_588",1,0.154294803817603,0,1,"model_3"
"409","MAG_590",8.2198978326674,-44.5012562783279,"MAG_590",62,0.406993006993007,770.951641201859,62,"model_3"
"410","MAG_591",35.8077708294414,-31.9723208389376,"MAG_591",11,0.277936962750716,571.592566785766,11,"model_3"
"411","MAG_592",21.4027795097896,-42.550370113691,"MAG_592",22,0.348920863309353,401.246794847458,22,"model_3"
"412","MAG_593",8.86144331589658,-3.369884748259,"MAG_593",1,1,0,1,"model_3"
"413","MAG_594",14.6696297455066,-8.77347812619982,"MAG_594",20,0.356181150550796,50.0385520182323,20,"model_3"
