"CAZy_Family","Direction","W","p_adj","median_RP","median_RS"
"AA1","RP_enrich",152,0.000395566265060241,1395.858313,1196.871
"AA10","RP_enrich",153,0.000360668122270742,2754.817035,838.426638
"AA12","RP_enrich",148,0.000700859154929577,135.600727,111.097076
"AA1_2","NS",NA,NA,0.146564,0.18426
"AA1_3","NS",NA,NA,45.106688,36.495007
"AA2","NS",NA,NA,2745.157867,2766.427818
"AA3","RP_enrich",153,0.000360668122270742,1583.827183,1011.697789
"AA3_1","NS",NA,NA,2.750702,4.04442
"AA3_2","RP_enrich",153,0.000360668122270742,3371.819658,2268.966593
"AA3_4","RP_enrich",135,0.00457008849557522,15.363915,11.460092
"AA4","RP_enrich",153,0.000360668122270742,1510.356129,1009.719364
"AA5","RP_enrich",146,0.000935066889632107,120.767182,92.699698
"AA5_2","RP_enrich",153,0.000360668122270742,134.995969,66.807728
"AA6","RP_enrich",153,0.000360668122270742,1185.786058,803.567116
"AA7","RS_enrich",19,0.041636511627907,4075.201372,5153.671923
"CBM11","RP_enrich",134,0.00520456395348837,22.420574,15.273668
"CBM12","RP_enrich",136,0.00398491071428571,6.553866,3.082629
"CBM13","RP_enrich",153,0.000360668122270742,9566.921599,3361.530505
"CBM16","RP_enrich",153,0.000360668122270742,299.164112,106.968764
"CBM17","NS",NA,NA,0.847857,0.484223
"CBM2","RP_enrich",153,0.000360668122270742,6601.396805,2473.278282
"CBM20","NS",NA,NA,73.023894,83.726065
"CBM21","RS_enrich",0,0.0049248,1.451038,3.042254
"CBM22","RP_enrich",127,0.0129622816901408,83.944607,58.816122
"CBM23","RP_enrich",153,0.000360668122270742,7.310084,4.684113
"CBM25","RP_enrich",145,0.00109224834437086,7.148084,3.38916
"CBM26","RP_enrich",133,0.0058943553008596,0.340455,0.111306
"CBM27","RP_enrich",119,0.0322693548387097,0.557844,0.11804
"CBM28","NS",NA,NA,0.384263,0.542296
"CBM3","RP_enrich",153,0.000360668122270742,229.137861,108.046543
"CBM30","RP_enrich",133,0.0058943553008596,0.705712,0.25103
"CBM31","NS",NA,NA,0,0
"CBM32","RP_enrich",153,0.000360668122270742,2507.705301,1157.452853
"CBM34","NS",NA,NA,119.370971,67.159445
"CBM35","RP_enrich",153,0.000360668122270742,880.167903,476.687814
"CBM36","RP_enrich",152,0.000395566265060241,0.546766,0.125872
"CBM38","RP_enrich",153,0.000360668122270742,412.849485,226.975283
"CBM4","RP_enrich",153,0.000360668122270742,256.000306,118.382346
"CBM40","RP_enrich",121,0.00500929411764706,0.055742,0.031217
"CBM41","RP_enrich",153,0.000360668122270742,576.548066,212.386747
"CBM42","RP_enrich",153,0.000360668122270742,1736.041647,658.440192
"CBM44","RP_enrich",150,0.000518678966789668,8.702994,4.54094
"CBM46","RP_enrich",153,0.000360668122270742,270.307372,103.772331
"CBM47","RP_enrich",153,0.000360668122270742,53.335462,21.35273
"CBM48","RP_enrich",126,0.0145754874651811,2883.907633,2639.13017
"CBM5","RP_enrich",153,0.000360668122270742,41.713502,23.81951
"CBM50","RP_enrich",142,0.00171,1360.422903,324.867587
"CBM51","RP_enrich",153,0.000360668122270742,625.543302,270.53703
"CBM54","RP_enrich",144,0.00126662540716612,3.671103,1.452296
"CBM56","RP_enrich",153,0.000360668122270742,200.037796,45.693151
"CBM57","RP_enrich",153,0.000360668122270742,96.740074,62.382403
"CBM59","NS",NA,NA,0.242088,0.112245
"CBM6","RP_enrich",153,0.000360668122270742,734.572315,334.375817
"CBM60","RP_enrich",153,0.000360668122270742,197.284437,56.593267
"CBM61","RP_enrich",153,0.000360668122270742,185.045551,55.593738
"CBM62","NS",NA,NA,12.280669,11.440864
"CBM63","RP_enrich",153,0.000360668122270742,277.445421,92.230888
"CBM64","RP_enrich",153,0.000360668122270742,3.306118,1.314564
"CBM66","RP_enrich",144,0.00126662540716612,305.460862,125.808149
"CBM67","RP_enrich",153,0.000360668122270742,906.409358,450.94917
"CBM68","RP_enrich",140,0.00228532710280374,93.522399,25.018946
"CBM69","NS",NA,NA,0,0
"CBM70","NS",NA,NA,14.866369,7.777121
"CBM71","RP_enrich",126,0.0145754874651811,15.781466,4.823166
"CBM73","NS",NA,NA,1.014445,0.919561
"CBM77","NS",NA,NA,0,0
"CBM8","RP_enrich",153,0.000360668122270742,52.6575,18.031537
"CBM84","NS",NA,NA,0.129372,0.101233
"CBM85","RP_enrich",153,0.000360668122270742,44.163898,9.822094
"CBM87","NS",NA,NA,0,0
"CBM88","RP_enrich",153,0.000360668122270742,550.551732,279.258544
"CBM9","RS_enrich",0,0.0049248,493.535783,740.364562
"CE1","RP_enrich",153,0.000360668122270742,8222.522876,5655.054175
"CE11","RP_enrich",153,0.000360668122270742,1118.498037,791.18955
"CE12","RP_enrich",153,0.000360668122270742,1438.692552,587.219111
"CE13","RP_enrich",153,0.000360668122270742,53.155367,27.338722
"CE14","RP_enrich",153,0.000360668122270742,4319.899688,2820.435899
"CE15","RP_enrich",125,0.0163421052631579,307.301261,255.443752
"CE16","RP_enrich",151,0.000459105058365759,37.821038,21.045394
"CE17","RP_enrich",149,0.000614472527472527,19.953777,7.661648
"CE18","NS",NA,NA,0.271026,0.270349
"CE19","NS",NA,NA,637.587198,689.198337
"CE2","RP_enrich",153,0.000360668122270742,571.408416,252.324063
"CE3","RP_enrich",153,0.000360668122270742,1595.032303,601.214003
"CE4","RP_enrich",153,0.000360668122270742,5116.477659,2390.122798
"CE5","RP_enrich",153,0.000360668122270742,40.675548,16.088873
"CE6","RP_enrich",152,0.000395566265060241,170.583768,61.9375
"CE7","RP_enrich",153,0.000360668122270742,695.346655,324.519261
"CE8","RP_enrich",153,0.000360668122270742,705.639055,238.236354
"CE9","RP_enrich",141,0.00197432176656151,1352.117527,734.116932
"GH1","RP_enrich",153,0.000360668122270742,4206.031714,2411.216255
"GH10","RP_enrich",153,0.000360668122270742,4650.91934,2118.499529
"GH100","RP_enrich",148,0.000700859154929577,33.188573,20.65889
"GH101","RP_enrich",136,0.00398491071428571,29.030573,12.73524
"GH102","RP_enrich",152,0.000395566265060241,428.511682,301.927478
"GH103","RP_enrich",153,0.000360668122270742,1224.460507,504.451495
"GH104","RP_enrich",153,0.000360668122270742,36.745468,12.714229
"GH105","RP_enrich",152,0.000395566265060241,1618.036797,1148.46277
"GH106","RP_enrich",144,0.00126662540716612,234.452826,169.333756
"GH107","RP_enrich",136,0.000479197674418605,0.075311,0
"GH108","RP_enrich",117,0.0398088,132.375724,116.667171
"GH109","RP_enrich",153,0.000360668122270742,6417.521333,4076.672821
"GH11","RP_enrich",153,0.000360668122270742,777.41866,315.7782
"GH110","RP_enrich",148,0.000700859154929577,4.982889,2.614823
"GH111","RS_enrich",0,0.0049248,2.455449,8.992407
"GH112","RP_enrich",141,0.00197432176656151,8.222173,3.797389
"GH113","RP_enrich",153,0.000360668122270742,48.999382,23.729095
"GH114","RP_enrich",153,0.000360668122270742,662.357412,265.969445
"GH115","RP_enrich",153,0.000360668122270742,238.168728,107.795825
"GH116","NS",NA,NA,40.812858,40.499328
"GH117","RP_enrich",151,0.000459105058365759,17.195499,6.154772
"GH119","RP_enrich",152,0.000395566265060241,0.592771,0.22368
"GH12","RP_enrich",153,0.000360668122270742,1176.741396,402.370472
"GH120","RP_enrich",122,0.0231407608695652,15.041258,12.635011
"GH121","RP_enrich",153,0.000360668122270742,86.231709,39.847928
"GH123","RP_enrich",142,0.00171,56.812526,34.605611
"GH125","RP_enrich",153,0.000360668122270742,179.448165,62.248889
"GH126","RP_enrich",153,0.000360668122270742,65.204794,9.374292
"GH127","RP_enrich",153,0.000360668122270742,605.410248,429.12639
"GH128","NS",NA,NA,42.60569,42.069229
"GH129","NS",NA,NA,20.181421,20.625397
"GH13","RP_enrich",133,0.0058943553008596,610.622771,530.827824
"GH130","RP_enrich",151,0.000459105058365759,965.53856,657.928625
"GH133","RS_enrich",0,0.0049248,357.650136,715.17351
"GH134","NS",NA,NA,0,0
"GH135","RP_enrich",151,0.000459105058365759,145.616728,45.597141
"GH136","RP_enrich",146,0.000935066889632107,22.708954,16.49802
"GH137","RP_enrich",137,0.00349772727272727,50.748516,30.54476
"GH138","RP_enrich",150,0.000518678966789668,38.335333,22.019047
"GH139","RP_enrich",153,0.000360668122270742,25.746811,10.747088
"GH13_1","RP_enrich",149,0.000614472527472527,28.831815,7.084537
"GH13_10","NS",NA,NA,1201.4979,1205.339064
"GH13_11","NS",NA,NA,6679.877118,8183.435082
"GH13_12","RP_enrich",143,0.00146500961538462,9.959883,2.371571
"GH13_13","RP_enrich",148,0.000700859154929577,2095.679042,1551.536366
"GH13_14","RP_enrich",126,0.0145754874651811,65.841969,34.963364
"GH13_15","NS",NA,NA,3.607278,4.21723
"GH13_16","RS_enrich",11,0.0168328125,7561.326721,9944.050534
"GH13_17","NS",NA,NA,0.943789,0.69356
"GH13_18","RS_enrich",9,0.0129618,109.028555,135.768487
"GH13_19","RP_enrich",147,0.000819375,50.205923,28.789767
"GH13_2","NS",NA,NA,89.942672,98.41425
"GH13_20","RS_enrich",19,0.041636511627907,82.41473,101.017212
"GH13_21","RP_enrich",120,0.0289775675675676,86.66203,67.58888
"GH13_22","NS",NA,NA,0,0
"GH13_23","RP_enrich",153,0.000360668122270742,1495.889377,989.939493
"GH13_24","NS",NA,NA,0.24283,0.245314
"GH13_26","RP_enrich",124,0.0183214285714286,821.945567,729.913723
"GH13_27","NS",NA,NA,0.652614,0.601286
"GH13_28","RP_enrich",126,0.00234195652173913,2.115563,0.44255
"GH13_29","RP_enrich",140,0.00228532710280374,178.419886,47.402461
"GH13_3","NS",NA,NA,2245.939776,2266.181483
"GH13_30","RP_enrich",153,0.000360668122270742,2495.63739,1082.947299
"GH13_31","RS_enrich",14,0.0237975,875.639706,1230.784701
"GH13_32","RP_enrich",153,0.000360668122270742,580.202845,215.238636
"GH13_33","NS",NA,NA,39.864667,36.494101
"GH13_36","RP_enrich",150,0.000518678966789668,169.42843,71.053093
"GH13_37","NS",NA,NA,0.108045,0.02345
"GH13_38","RP_enrich",153,0.000360668122270742,11.052495,5.564274
"GH13_39","RS_enrich",0,0.0049248,52.632636,83.39978
"GH13_4","NS",NA,NA,323.662141,592.494841
"GH13_41","NS",NA,NA,20.852447,13.472646
"GH13_42","RP_enrich",146,0.000935066889632107,63.206495,30.17077
"GH13_5","RP_enrich",146,0.000935066889632107,112.879739,31.94863
"GH13_6","RP_enrich",121,0.0258585365853659,7.535743,5.046749
"GH13_7","RS_enrich",1,0.0049248,4.918991,7.620028
"GH13_8","RS_enrich",0,0.0049248,36.464329,94.128259
"GH13_9","RS_enrich",19,0.041636511627907,3390.651914,4199.245889
"GH14","RP_enrich",148,0.000700859154929577,43.642205,5.585799
"GH140","RP_enrich",137,0.00349772727272727,141.976146,115.886055
"GH141","RP_enrich",153,0.000360668122270742,794.962936,378.602319
"GH142","RP_enrich",122,0.0231407608695652,48.231379,42.392591
"GH143","RP_enrich",130,0.00880674220963173,23.825989,17.453424
"GH144","RP_enrich",136,0.00398491071428571,512.776427,474.870666
"GH146","RP_enrich",153,0.000360668122270742,1725.54672,807.035471
"GH147","RS_enrich",9,0.0129618,8.840579,12.093378
"GH148","RP_enrich",153,0.000360668122270742,49.040086,17.276033
"GH149","RS_enrich",0,0.0049248,4.650071,29.84268
"GH15","NS",NA,NA,3171.831098,3044.011257
"GH151","RP_enrich",152,0.000395566265060241,82.24204,50.867295
"GH152","RP_enrich",134,0.00520456395348837,1.760033,1.244693
"GH153","RP_enrich",151,0.000459105058365759,8.25652,1.703272
"GH154","RP_enrich",153,0.000360668122270742,773.471908,276.887353
"GH156","RS_enrich",18,0.0387315,0.706139,1.015584
"GH157","RS_enrich",0,0.0049248,2.364675,6.672596
"GH158","RP_enrich",150,0.000518678966789668,31.168318,17.804647
"GH159","RP_enrich",152,0.000395566265060241,130.870807,66.404835
"GH16","RP_enrich",153,0.000360668122270742,474.501849,258.835484
"GH163","RS_enrich",0,0.0049248,13.655848,19.517936
"GH164","RP_enrich",138,0.00304348623853211,2.546207,1.796257
"GH165","RS_enrich",1,0.0049248,3.495352,6.032328
"GH166","RP_enrich",153,0.000360668122270742,5.783652,3.302257
"GH168","RP_enrich",153,0.000360668122270742,52.253136,13.069153
"GH16_10","RP_enrich",153,0.000360668122270742,312.844285,94.742892
"GH16_14","NS",NA,NA,0.105747,0.187976
"GH16_21","RP_enrich",153,0.000360668122270742,132.270489,56.424272
"GH16_23","RS_enrich",0,0.00561968181818182,0.102785,0.519102
"GH16_24","RP_enrich",135,0.00457008849557522,303.676203,211.919376
"GH16_25","RP_enrich",148,0.000700859154929577,25.410113,9.585678
"GH16_3","RP_enrich",153,0.000360668122270742,1681.687755,885.165375
"GH16_5","RP_enrich",153,0.000360668122270742,160.562768,47.347214
"GH16_7","RP_enrich",153,0.000360668122270742,23.245625,5.850296
"GH16_9","RP_enrich",146,0.000935066889632107,2.691864,1.392747
"GH17","RP_enrich",153,0.000360668122270742,13.014595,6.328365
"GH170","RP_enrich",147,0.000819375,552.231961,90.578913
"GH171","RP_enrich",148,0.000700859154929577,1693.819396,1315.334651
"GH18","RP_enrich",153,0.000360668122270742,5356.189892,1747.444176
"GH19","RP_enrich",153,0.000360668122270742,1290.371899,560.49413
"GH2","RP_enrich",153,0.000360668122270742,3605.984301,1969.520306
"GH20","RP_enrich",153,0.000360668122270742,1883.106432,918.38729
"GH23","NS",NA,NA,4928.023303,5139.926914
"GH24","RP_enrich",153,0.000360668122270742,145.574561,57.844983
"GH25","RP_enrich",153,0.000360668122270742,1758.58154,607.746944
"GH26","RP_enrich",153,0.000360668122270742,197.806758,122.061241
"GH27","RP_enrich",153,0.000360668122270742,3792.270173,1345.419064
"GH28","RP_enrich",153,0.000360668122270742,2152.114593,1003.290525
"GH29","RP_enrich",153,0.000360668122270742,4296.48848,2265.307503
"GH3","RP_enrich",153,0.000360668122270742,7195.371386,4660.332267
"GH30","RP_enrich",136,0.00398491071428571,5.129183,4.128382
"GH30_1","RS_enrich",4,0.006989625,49.047129,72.044831
"GH30_2","RP_enrich",119,0.0322693548387097,17.726255,6.949344
"GH30_3","RP_enrich",153,0.000360668122270742,481.006219,166.729527
"GH30_4","RP_enrich",152,0.000395566265060241,38.188822,18.968064
"GH30_5","RP_enrich",153,0.000360668122270742,1432.454513,480.231986
"GH30_6","NS",NA,NA,0.01553,0
"GH30_7","RP_enrich",153,0.000360668122270742,124.020514,43.348086
"GH30_8","RP_enrich",153,0.000360668122270742,103.970024,51.367181
"GH31","RP_enrich",153,0.000360668122270742,3370.067288,1833.968215
"GH32","RP_enrich",153,0.000360668122270742,2762.519039,1290.880871
"GH33","RP_enrich",153,0.000360668122270742,566.53222,349.588215
"GH35","RP_enrich",153,0.000360668122270742,886.288706,365.969006
"GH36","RP_enrich",153,0.000360668122270742,917.206035,409.877591
"GH37","RP_enrich",153,0.000360668122270742,381.546353,146.864019
"GH38","RP_enrich",153,0.000360668122270742,1286.826684,1060.163487
"GH39","RP_enrich",153,0.000360668122270742,1039.566027,567.451469
"GH4","RP_enrich",153,0.000360668122270742,2279.695413,1039.468855
"GH42","RP_enrich",153,0.000360668122270742,2701.207191,987.881762
"GH43","RP_enrich",153,0.000360668122270742,144.910535,45.241157
"GH43_1","RP_enrich",153,0.000360668122270742,229.355575,105.630039
"GH43_10","RP_enrich",153,0.000360668122270742,1811.21628,861.414042
"GH43_11","RP_enrich",153,0.000360668122270742,460.126761,187.090931
"GH43_12","RP_enrich",153,0.000360668122270742,1067.444385,353.969993
"GH43_15","RP_enrich",148,0.000700859154929577,17.069063,7.742276
"GH43_16","RP_enrich",152,0.000395566265060241,256.920688,147.957176
"GH43_17","RP_enrich",150,0.000518678966789668,121.980383,53.524042
"GH43_18","RP_enrich",152,0.000395566265060241,152.048432,82.324963
"GH43_19","RP_enrich",147,0.000819375,27.041924,22.928062
"GH43_2","RP_enrich",153,0.000360668122270742,212.851599,62.184997
"GH43_20","RP_enrich",153,0.000360668122270742,229.548524,74.122581
"GH43_21","RP_enrich",139,0.00263603076923077,0.133737,0.051773
"GH43_22","RP_enrich",153,0.000360668122270742,2786.732997,1015.74891
"GH43_23","RP_enrich",153,0.000360668122270742,369.660695,146.568356
"GH43_24","RP_enrich",153,0.000360668122270742,555.564027,227.649674
"GH43_26","RP_enrich",153,0.000360668122270742,1880.258021,676.849947
"GH43_27","RP_enrich",153,0.000360668122270742,6.654474,3.302809
"GH43_28","NS",NA,NA,263.113478,208.653463
"GH43_29","RP_enrich",153,0.000360668122270742,2140.041923,822.58121
"GH43_3","RS_enrich",13,0.0215761764705882,84.510229,112.228163
"GH43_30","RS_enrich",5,0.00765553846153846,78.49538,123.87667
"GH43_31","RP_enrich",145,0.00109224834437086,15.286229,8.567432
"GH43_32","RS_enrich",0,0.0049248,33.047317,61.645288
"GH43_33","NS",NA,NA,17.243024,20.035246
"GH43_34","RP_enrich",153,0.000360668122270742,1131.163801,612.768156
"GH43_35","RP_enrich",122,0.0231407608695652,7.390143,3.626256
"GH43_36","RP_enrich",153,0.000360668122270742,308.263894,122.882465
"GH43_37","RP_enrich",153,0.000360668122270742,67.660652,28.4864
"GH43_4","RP_enrich",153,0.000360668122270742,165.831794,57.409838
"GH43_5","RP_enrich",153,0.000360668122270742,397.680424,255.10348
"GH43_7","RP_enrich",136,0.00398491071428571,194.008185,150.728344
"GH43_8","NS",NA,NA,19.589731,18.16839
"GH43_9","RP_enrich",153,0.000360668122270742,656.158342,253.246965
"GH44","RP_enrich",153,0.000360668122270742,290.0373,161.042745
"GH45","RP_enrich",153,0.000360668122270742,20.756391,6.932784
"GH46","RP_enrich",153,0.000360668122270742,870.361354,287.048728
"GH47","RP_enrich",116,0.0440880636604775,46.255958,42.590684
"GH48","RP_enrich",153,0.000360668122270742,783.708953,240.389837
"GH49","RP_enrich",130,0.00880674220963173,5.472973,3.048218
"GH5","RP_enrich",153,0.000360668122270742,491.020136,282.655675
"GH50","RS_enrich",18,0.0387315,6.216614,12.092041
"GH51","RP_enrich",153,0.000360668122270742,2433.775679,1264.015248
"GH52","RP_enrich",115,0.0487282321899736,7.238235,7.07
"GH53","RP_enrich",153,0.000360668122270742,411.778065,159.47289
"GH54","RP_enrich",153,0.000360668122270742,954.234755,575.389275
"GH55","RP_enrich",153,0.000360668122270742,268.118602,101.689499
"GH57","RP_enrich",153,0.000360668122270742,489.462624,324.833116
"GH59","RP_enrich",152,0.000395566265060241,29.560533,11.985467
"GH5_1","RP_enrich",146,0.000935066889632107,449.158853,385.122999
"GH5_10","NS",NA,NA,0.771173,0.925918
"GH5_12","RP_enrich",153,0.000360668122270742,0.842691,0.272408
"GH5_13","RP_enrich",143,0.00146500961538462,134.748015,96.668026
"GH5_17","NS",NA,NA,3.726476,3.142173
"GH5_18","RP_enrich",153,0.000360668122270742,417.305659,152.435186
"GH5_19","RS_enrich",0,0.0049248,21.89272,50.482304
"GH5_2","RP_enrich",153,0.000360668122270742,1056.807017,365.899408
"GH5_21","NS",NA,NA,0.167794,0.201843
"GH5_22","NS",NA,NA,25.883761,31.449501
"GH5_24","RP_enrich",146,0.000935066889632107,2.397065,0.834876
"GH5_25","RP_enrich",125,0.0163421052631579,132.932056,109.663841
"GH5_26","NS",NA,NA,3.436722,3.801321
"GH5_27","RP_enrich",136,0.00398491071428571,15.98282,10.841629
"GH5_28","RS_enrich",20,0.0467529545454545,25.87715,33.56975
"GH5_29","NS",NA,NA,1.219082,1.515453
"GH5_34","NS",NA,NA,0.081551,0.135647
"GH5_35","RP_enrich",153,0.000360668122270742,343.578603,115.805638
"GH5_36","RS_enrich",1,0.0049248,47.135391,81.329655
"GH5_37","NS",NA,NA,0.104788,0.168806
"GH5_38","RP_enrich",152,0.000395566265060241,4.814168,0.931794
"GH5_39","RS_enrich",0,0.0049248,32.42066,56.810182
"GH5_4","RP_enrich",153,0.000360668122270742,2363.034439,1025.65314
"GH5_40","RP_enrich",153,0.000360668122270742,254.42123,100.167525
"GH5_41","NS",NA,NA,6.368339,5.725029
"GH5_42","RP_enrich",152,0.000395566265060241,2.553868,1.050917
"GH5_43","RP_enrich",153,0.000360668122270742,250.281573,76.810645
"GH5_44","NS",NA,NA,2.096642,1.428228
"GH5_45","NS",NA,NA,0.212046,0.207576
"GH5_46","RP_enrich",153,0.000360668122270742,103.255127,60.216266
"GH5_47","RP_enrich",153,0.000360668122270742,5.729783,1.221918
"GH5_48","RP_enrich",153,0.000360668122270742,35.893362,11.490226
"GH5_5","RP_enrich",153,0.000360668122270742,177.894271,73.871842
"GH5_51","RP_enrich",153,0.000360668122270742,284.161445,91.485001
"GH5_53","RP_enrich",153,0.000360668122270742,122.490201,50.560027
"GH5_54","RP_enrich",153,0.000360668122270742,0.52447,0.159776
"GH5_55","RP_enrich",151,0.000459105058365759,6.912285,2.673714
"GH5_7","RS_enrich",9,0.0129618,219.20489,274.469353
"GH5_8","RP_enrich",153,0.000360668122270742,631.171768,184.560955
"GH5_9","NS",NA,NA,0,0
"GH6","RP_enrich",153,0.000360668122270742,1914.126119,661.719107
"GH62","RP_enrich",153,0.000360668122270742,4723.749585,1640.80352
"GH63","RP_enrich",153,0.000360668122270742,493.515882,284.986756
"GH64","RP_enrich",153,0.000360668122270742,361.394085,91.083267
"GH65","NS",NA,NA,1324.161403,1429.633216
"GH66","NS",NA,NA,128.939809,54.802748
"GH67","RP_enrich",150,0.000518678966789668,460.48092,351.150586
"GH68","RP_enrich",151,0.000459105058365759,407.738527,191.162699
"GH70","NS",NA,NA,0.009528,0.020984
"GH71","NS",NA,NA,1.213439,1.266726
"GH73","RP_enrich",153,0.000360668122270742,467.307275,157.429235
"GH74","RP_enrich",153,0.000360668122270742,2323.472433,1009.949585
"GH75","RP_enrich",153,0.000360668122270742,129.799732,38.807905
"GH76","RP_enrich",153,0.000360668122270742,325.15954,148.906726
"GH77","RP_enrich",153,0.000360668122270742,765.808771,504.241029
"GH78","RP_enrich",153,0.000360668122270742,871.779383,511.040635
"GH79","RP_enrich",153,0.000360668122270742,194.33668,45.94995
"GH8","RP_enrich",153,0.000360668122270742,323.441575,95.765138
"GH81","RP_enrich",153,0.000360668122270742,56.282848,22.876703
"GH84","RP_enrich",145,0.00109224834437086,154.848741,93.848161
"GH85","RP_enrich",153,0.000360668122270742,252.920232,94.952571
"GH87","RP_enrich",153,0.000360668122270742,404.284639,174.301192
"GH88","RP_enrich",153,0.000360668122270742,1113.939021,468.04598
"GH89","RP_enrich",153,0.000360668122270742,121.091828,55.492244
"GH9","RP_enrich",153,0.000360668122270742,1357.802542,667.887614
"GH91","NS",NA,NA,174.582491,151.469758
"GH92","RP_enrich",153,0.000360668122270742,2231.058261,1029.731528
"GH93","RP_enrich",153,0.000360668122270742,209.889336,62.448501
"GH94","RS_enrich",9,0.0129618,253.377587,308.620531
"GH95","RP_enrich",153,0.000360668122270742,2122.665387,986.455063
"GH97","RP_enrich",153,0.000360668122270742,1361.148534,882.403511
"GH98","RP_enrich",123,0.0206605479452055,0.90447,0.518321
"GH99","RS_enrich",0,0.0049248,63.712407,167.433071
"GT1","RP_enrich",153,0.000360668122270742,2400.076523,1048.341801
"GT10","RP_enrich",152,0.000395566265060241,1.823716,0.752871
"GT100","RP_enrich",32,0.0401122340425532,0,0
"GT101","RP_enrich",134,0.00520456395348837,0.180648,0.057503
"GT102","RP_enrich",148,0.000700859154929577,15.345809,1.884463
"GT103","NS",NA,NA,0.201714,0.185226
"GT104","RP_enrich",153,0.000360668122270742,46.858123,19.187945
"GT105","RS_enrich",11,0.0168328125,60.874592,75.151768
"GT107","RP_enrich",153,0.000360668122270742,63.909227,18.922132
"GT108","NS",NA,NA,12.202007,5.689501
"GT11","RP_enrich",152,0.000395566265060241,4.388481,2.192249
"GT111","RP_enrich",117,0.00112758415841584,0.29993,0.024328
"GT112","RP_enrich",93,0.00879846153846154,1.834921,0.068481
"GT113","RP_enrich",150,0.000518678966789668,1.108982,0.49584
"GT114","RP_enrich",150,0.000518678966789668,6.993089,2.877891
"GT12","RP_enrich",132,0.00675694285714286,0.241777,0.140502
"GT14","RP_enrich",153,0.000360668122270742,32.513492,10.149892
"GT17","RP_enrich",147,0.000819375,1.539686,0.560144
"GT19","RP_enrich",133,0.0058943553008596,469.097709,451.92402
"GT2","RP_enrich",153,0.000360668122270742,17407.95587,12623.22741
"GT20","NS",NA,NA,2321.776775,2259.188254
"GT21","RP_enrich",153,0.000360668122270742,52.338713,24.900555
"GT22","RS_enrich",14,0.0237975,4.502398,7.771938
"GT23","NS",NA,NA,0.375283,0.451114
"GT25","RP_enrich",153,0.000360668122270742,63.242956,31.770751
"GT26","RP_enrich",148,0.000700859154929577,619.498751,404.314161
"GT27","RP_enrich",152,0.000395566265060241,86.136505,27.736972
"GT28","RP_enrich",153,0.000360668122270742,2197.154321,1401.246698
"GT3","RS_enrich",0,0.0049248,19.126733,54.57396
"GT30","RP_enrich",152,0.000395566265060241,401.137295,306.286382
"GT31","NS",NA,NA,0,0
"GT32","RP_enrich",142,0.00171,28.53652,10.87354
"GT33","RS_enrich",1,0.0049248,0.385158,0.910355
"GT34","NS",NA,NA,0.015488,0.023103
"GT35","RP_enrich",153,0.000360668122270742,1406.365154,997.167673
"GT39","RP_enrich",153,0.000360668122270742,959.737893,387.705201
"GT4","RP_enrich",153,0.000360668122270742,13730.86637,9614.334038
"GT41","RP_enrich",153,0.000360668122270742,77.944125,33.000722
"GT42","NS",NA,NA,0.139081,0.153712
"GT45","NS",NA,NA,0.04429,0.027986
"GT47","RP_enrich",115,0.0487282321899736,0.243523,0.147394
"GT5","RP_enrich",153,0.000360668122270742,784.35854,565.470111
"GT51","RP_enrich",153,0.000360668122270742,9480.447616,6265.247214
"GT52","NS",NA,NA,0,0
"GT53","RP_enrich",153,0.000360668122270742,13.634779,7.294546
"GT55","NS",NA,NA,4.33763,3.84076
"GT56","RP_enrich",153,0.000360668122270742,8.109614,1.295135
"GT6","RP_enrich",144,0.00126662540716612,0.100397,0.014318
"GT60","RP_enrich",146,0.000935066889632107,2.869054,1.68983
"GT61","RP_enrich",143,0.00146500961538462,6.349435,2.456145
"GT62","NS",NA,NA,2.426484,1.948815
"GT66","NS",NA,NA,19.193758,19.726845
"GT7","RP_enrich",153,0.000360668122270742,40.525697,7.825912
"GT70","RP_enrich",153,0.000360668122270742,10.257878,4.567435
"GT71","RS_enrich",1,0.0049248,0.583626,1.753001
"GT73","RP_enrich",152,0.000395566265060241,11.194257,3.316005
"GT74","RP_enrich",143,0.00146500961538462,0.139905,0.051823
"GT75","RS_enrich",4,0.006989625,0.156004,0.424405
"GT76","RP_enrich",153,0.000360668122270742,246.975452,101.184641
"GT78","RS_enrich",3,0.03618,0,0.039128
"GT8","RP_enrich",153,0.000360668122270742,80.747833,31.651393
"GT81","RP_enrich",153,0.000360668122270742,759.437475,419.193792
"GT83","RP_enrich",153,0.000360668122270742,1428.725327,812.810963
"GT84","NS",NA,NA,537.633495,609.674809
"GT85","RP_enrich",152,0.000395566265060241,3.095449,1.282008
"GT87","RP_enrich",153,0.000360668122270742,1299.920918,467.360232
"GT89","RS_enrich",0,0.0049248,34.705227,53.012104
"GT9","RP_enrich",150,0.000518678966789668,804.232632,645.777308
"GT90","RP_enrich",153,0.000360668122270742,2.047479,0.636423
"GT92","RP_enrich",153,0.000360668122270742,15.205279,4.141948
"GT93","RP_enrich",140,0.00228532710280374,0.504206,0.055348
"GT94","RP_enrich",153,0.000360668122270742,65.640535,33.716742
"GT99","RP_enrich",140,0.00228532710280374,0.199762,0.00544
"PL1","RP_enrich",153,0.000360668122270742,697.376504,298.2248
"PL10","NS",NA,NA,0.230102,0.22085
"PL10_1","RP_enrich",150,0.000518678966789668,30.692485,18.861136
"PL10_2","RP_enrich",153,0.000360668122270742,143.007727,66.089811
"PL10_3","NS",NA,NA,5.263625,6.091007
"PL11","RP_enrich",153,0.000360668122270742,936.897164,342.11191
"PL11_1","RP_enrich",153,0.000360668122270742,160.613566,73.416571
"PL11_2","RP_enrich",153,0.000360668122270742,62.224595,25.444669
"PL12","NS",NA,NA,54.030659,83.456492
"PL12_1","RP_enrich",122,0.0043079821958457,1.692083,0.58501
"PL12_2","RS_enrich",12,0.0189654545454545,0.016066,0.066101
"PL12_3","RP_enrich",153,0.000360668122270742,168.887719,90.090418
"PL14","RS_enrich",5,0.00765553846153846,1.981284,2.882085
"PL14_3","RP_enrich",146,0.000935066889632107,18.839728,11.888561
"PL15","RS_enrich",2,0.00561857142857143,9.29168,13.326571
"PL15_1","RP_enrich",153,0.000360668122270742,5.029954,0.919457
"PL16","RP_enrich",117,0.0398088,3.039351,1.112952
"PL17","NS",NA,NA,34.227895,27.288567
"PL17_1","NS",NA,NA,0,0
"PL17_2","RP_enrich",139,0.00263603076923077,80.529195,45.159742
"PL1_11","RP_enrich",153,0.000360668122270742,9.247317,3.192815
"PL1_13","NS",NA,NA,0.065619,0.006707
"PL1_2","RP_enrich",153,0.000360668122270742,608.014173,307.927226
"PL1_3","RP_enrich",153,0.000360668122270742,87.231154,39.561901
"PL1_4","RP_enrich",143,0.00146500961538462,0.688412,0.434062
"PL1_5","RP_enrich",153,0.000360668122270742,144.16912,80.813705
"PL1_6","RP_enrich",153,0.000360668122270742,560.418359,234.20372
"PL1_7","RP_enrich",153,0.000360668122270742,51.644768,31.471397
"PL1_8","RP_enrich",150,0.000518678966789668,3.773192,0.783532
"PL1_9","RP_enrich",153,0.000360668122270742,43.900218,9.075115
"PL2","NS",NA,NA,0.353849,0.596733
"PL20","RP_enrich",153,0.000360668122270742,34.645675,4.250369
"PL21","NS",NA,NA,0.235307,0.352573
"PL21_1","RP_enrich",150,0.000518678966789668,1.067877,0.541449
"PL22","RP_enrich",133,0.0058943553008596,34.528585,22.199206
"PL22_1","RP_enrich",124,0.0183214285714286,26.899678,23.54213
"PL22_2","NS",NA,NA,172.532813,155.424987
"PL26","RP_enrich",153,0.000360668122270742,268.59769,104.741023
"PL27","NS",NA,NA,2.840001,2.926032
"PL29","RP_enrich",153,0.000360668122270742,344.937443,166.460356
"PL2_1","NS",NA,NA,0,0
"PL3","RP_enrich",153,0.000360668122270742,43.330813,15.247434
"PL31","RP_enrich",153,0.000360668122270742,236.486119,108.595755
"PL33","RP_enrich",153,0.000360668122270742,16.867801,6.976385
"PL33_1","RP_enrich",153,0.000360668122270742,77.421554,20.919798
"PL33_2","RP_enrich",127,0.0129622816901408,29.51477,12.141593
"PL34","RP_enrich",118,0.0358962466487936,4.230481,3.828041
"PL35","RP_enrich",138,0.00304348623853211,10.355155,7.506022
"PL36_2","RP_enrich",153,0.000360668122270742,10.240031,3.341493
"PL37","RP_enrich",153,0.000360668122270742,0.383723,0.205396
"PL38","NS",NA,NA,187.804097,207.040394
"PL39","NS",NA,NA,1.595048,2.241179
"PL3_1","RP_enrich",153,0.000360668122270742,65.094101,22.792007
"PL3_2","NS",NA,NA,1.144866,0.765903
"PL3_4","RP_enrich",153,0.000360668122270742,600.888004,183.503625
"PL3_5","RP_enrich",153,0.000360668122270742,43.310625,13.247814
"PL4","RP_enrich",134,0.00520456395348837,1.969359,1.339772
"PL40","RP_enrich",146,0.000935066889632107,17.217558,9.752005
"PL41","RP_enrich",151,0.000459105058365759,1.9329,1.104103
"PL42","RP_enrich",153,0.000360668122270742,525.735702,208.083788
"PL4_1","RP_enrich",153,0.000360668122270742,128.833925,41.479284
"PL4_2","NS",NA,NA,0.020291,0.01647
"PL5","RP_enrich",153,0.000360668122270742,10.026214,3.184962
"PL5_1","RP_enrich",126,0.0145754874651811,1.880415,0.752522
"PL6","RP_enrich",153,0.000360668122270742,61.173887,19.562883
"PL6_1","RP_enrich",148,0.000700859154929577,25.378855,10.562087
"PL6_2","RP_enrich",153,0.000360668122270742,884.415913,310.812617
"PL7","RP_enrich",139,0.00263603076923077,1.650343,1.084967
"PL7_1","RP_enrich",137,0.00349772727272727,0.452535,0.104736
"PL7_2","RP_enrich",112,0.0172889502762431,2.190822,0.908914
"PL7_3","RP_enrich",153,0.000360668122270742,49.161527,12.520855
"PL7_4","RP_enrich",146,0.000935066889632107,0.645779,0.292695
"PL7_5","RS_enrich",17,0.03618,2.047547,5.568262
"PL8","RP_enrich",153,0.000360668122270742,149.391654,61.600344
"PL8_2","NS",NA,NA,1.196792,0.720895
"PL8_3","RP_enrich",150,0.000518678966789668,5.545172,2.641988
"PL9","RP_enrich",153,0.000360668122270742,135.557055,74.790157
"PL9_1","RP_enrich",153,0.000360668122270742,425.432606,179.193824
"PL9_2","RP_enrich",153,0.000360668122270742,155.809064,40.337019
"PL9_3","RP_enrich",153,0.000360668122270742,200.48941,68.140504
"PL9_4","NS",NA,NA,9.024993,12.302701
