CAZy_Family,RP_Median,RS_Median,log2FC,P_value,Direction,Adj_P
AA1,1395.858313,1196.871,-0.22188484059546387,3.847075940359304e-4,Non-significant,7.322315544475701e-4
AA10,2754.817035,838.426638,-1.7162000322350535,3.2104840068844444e-4,RP_up,6.736753325921458e-4
AA12,135.600727,111.097076,-0.28754404332282696,7.765925515945944e-4,Non-significant,0.001282630278762685
AA1_2,0.146564,0.18426,0.33019199873354615,0.0522749721636293,Non-significant,0.0622436877855307
AA1_3,45.106688,36.495007,-0.3056421855485447,0.2184011256765389,Non-significant,0.23741268863352
AA2,2745.157867,2766.427818,0.011135163927923212,0.18501631052301487,Non-significant,0.20241100638415305
AA3,1583.827183,1011.697789,-0.6466365239620705,3.2104840068844444e-4,Non-significant,6.736753325921458e-4
AA3_1,2.750702,4.04442,0.556131294225144,0.009225146139072984,Non-significant,0.01192746167476103
AA3_2,3371.819658,2268.966593,-0.5714920058943521,3.2104840068844444e-4,Non-significant,6.736753325921458e-4
AA3_4,15.363915,11.460092,-0.4229269416101759,0.006039847964662564,Non-significant,0.008159372448304045
AA4,1510.356129,1009.719364,-0.5809343862773662,3.2104840068844444e-4,Non-significant,6.736753325921458e-4
AA5,120.767182,92.699698,-0.3815918812151895,0.0010895144457840425,Non-significant,0.0017164042961274762
AA5_2,134.995969,66.807728,-1.0148293181892412,3.2104840068844444e-4,RP_up,6.736753325921458e-4
AA6,1185.786058,803.567116,-0.5613533018598834,3.2104840068844444e-4,Non-significant,6.736753325921458e-4
AA7,4075.201372,5153.671923,0.33872934858676834,0.006970044611030268,Non-significant,0.009221351009941854
CBM11,22.420574,15.273668,-0.5537763429961869,0.006970044611030268,Non-significant,0.009221351009941854
CBM12,6.553866,3.082629,-1.0881824282059538,0.005223003841274113,RP_up,0.00716937792689637
CBM13,9566.921599,3361.530505,-1.5089365309737701,3.2104840068844444e-4,RP_up,6.736753325921458e-4
CBM16,299.164112,106.968764,-1.4837474558905708,3.2104840068844444e-4,RP_up,6.736753325921458e-4
CBM17,0.847857,0.484223,-0.8081365743694029,0.13190409490501087,Non-significant,0.1490836569345818
CBM2,6601.396805,2473.278282,-1.4163467420125233,3.2104840068844444e-4,RP_up,6.736753325921458e-4
CBM20,73.023894,83.726065,0.19730819439895073,0.2976721515083838,Non-significant,0.31817983626783397
CBM21,1.451038,3.042254,1.068050108051176,3.2104840068844444e-4,RS_up,6.736753325921458e-4
CBM22,83.944607,58.816122,-0.5132259048668921,0.017937519921985116,Non-significant,0.02256513562667415
CBM23,7.310084,4.684113,-0.6421109978673261,3.2104840068844444e-4,Non-significant,6.736753325921458e-4
CBM25,7.148084,3.38916,-1.076626602567855,0.0012864240407735978,RP_up,0.0020080765514514697
CBM26,0.340455,0.111306,-1.6128455226831009,0.008026952945258898,RP_up,0.01045750612715663
CBM27,0.557844,0.11804,-2.2404895517481767,0.046789521154502293,Non-significant,0.05610359445223694
CBM28,0.384263,0.542296,0.49697551969103876,0.5562984612747348,Non-significant,0.5789122198631387
CBM3,229.137861,108.046543,-1.0845628745186378,3.2104840068844444e-4,RP_up,6.736753325921458e-4
CBM30,0.705712,0.25103,-1.4911827274855187,0.008026952945258898,RP_up,0.01045750612715663
CBM31,0,0,0,0.35254213749971297,Non-significant,0.3737092637678117
CBM32,2507.705301,1157.452853,-1.1154143808279158,3.2104840068844444e-4,RP_up,6.736753325921458e-4
CBM34,119.370971,67.159445,-0.8297897331512837,0.08834898734056579,Non-significant,0.10210989056065391
CBM35,880.167903,476.687814,-0.8847340032276649,3.2104840068844444e-4,Non-significant,6.736753325921458e-4
CBM36,0.546766,0.125872,-2.1188779138492806,3.847075940359304e-4,RP_up,7.322315544475701e-4
CBM38,412.849485,226.975283,-0.8630806764975988,3.2104840068844444e-4,Non-significant,6.736753325921458e-4
CBM4,256.000306,118.382346,-1.112691516909501,3.2104840068844444e-4,RP_up,6.736753325921458e-4
CBM40,0.055742,0.031217,-0.8362295846987848,0.006633375463483006,Non-significant,0.008937600624482366
CBM41,576.548066,212.386747,-1.4407471011140545,3.2104840068844444e-4,RP_up,6.736753325921458e-4
CBM42,1736.041647,658.440192,-1.398677236878296,3.2104840068844444e-4,RP_up,6.736753325921458e-4
CBM44,8.702994,4.54094,-0.9385193078744974,5.489028928050743e-4,Non-significant,9.591750208743961e-4
CBM46,270.307372,103.772331,-1.3811789462414392,3.2104840068844444e-4,RP_up,6.736753325921458e-4
CBM47,53.335462,21.35273,-1.3206741407295048,3.2104840068844444e-4,RP_up,6.736753325921458e-4
CBM48,2883.907633,2639.13017,-0.1279624470480194,0.020364300044313163,Non-significant,0.025307091317204704
CBM5,41.713502,23.81951,-0.8083704416895824,3.2104840068844444e-4,Non-significant,6.736753325921458e-4
CBM50,1360.422903,324.867587,-2.066131451618192,0.002091114743117322,RP_up,0.003085448842870515
CBM51,625.543302,270.53703,-1.2092836475467665,3.2104840068844444e-4,RP_up,6.736753325921458e-4
CBM54,3.671103,1.452296,-1.3378720621704523,0.0015157391829947323,RP_up,0.0023028440999801275
CBM56,200.037796,45.693151,-2.130222531786688,3.2104840068844444e-4,RP_up,6.736753325921458e-4
CBM57,96.740074,62.382403,-0.6329744321333821,3.2104840068844444e-4,Non-significant,6.736753325921458e-4
CBM59,0.242088,0.112245,-1.108811454992408,0.10797320879792927,Non-significant,0.12312312450899729
CBM6,734.572315,334.375817,-1.1354339890094263,3.2104840068844444e-4,RP_up,6.736753325921458e-4
CBM60,197.284437,56.593267,-1.8015746417421539,3.2104840068844444e-4,RP_up,6.736753325921458e-4
CBM61,185.045551,55.593738,-1.7348859741027036,3.2104840068844444e-4,RP_up,6.736753325921458e-4
CBM62,12.280669,11.440864,-0.10219306188037389,0.8870686942118248,Non-significant,0.8958169061863004
CBM63,277.445421,92.230888,-1.5888819949986852,3.2104840068844444e-4,RP_up,6.736753325921458e-4
CBM64,3.306118,1.314564,-1.330547224638653,3.2104840068844444e-4,RP_up,6.736753325921458e-4
CBM66,305.460862,125.808149,-1.279762101973199,0.0015157391829947323,RP_up,0.0023028440999801275
CBM67,906.409358,450.94917,-1.0071979146802885,3.2104840068844444e-4,RP_up,6.736753325921458e-4
CBM68,93.522399,25.018946,-1.9022905025932377,0.0028609082229319217,RP_up,0.0041261549581440675
CBM69,0,0,0,0.6240645324651699,Non-significant,0.6441956464156593
CBM70,14.866369,7.777121,-0.9347433480995679,0.11825088388903639,Non-significant,0.1339479038743067
CBM71,15.781466,4.823166,-1.710176782334257,0.020364300044313163,RP_up,0.025307091317204704
CBM73,1.014445,0.919561,-0.1416719958885894,0.07985810840089144,Non-significant,0.09292579886649185
CBM77,0,0,0,1,Non-significant,1
CBM8,52.6575,18.031537,-1.5461161259309393,3.2104840068844444e-4,RP_up,6.736753325921458e-4
CBM84,0.129372,0.101233,-0.3538147566925516,0.3684268444683652,Non-significant,0.3897407941483533
CBM85,44.163898,9.822094,-2.1687638362459203,3.2104840068844444e-4,RP_up,6.736753325921458e-4
CBM87,0,0,0,0.8551321405847059,Non-significant,0.865272047390058
CBM88,550.551732,279.258544,-0.9792766849092266,3.2104840068844444e-4,Non-significant,6.736753325921458e-4
CBM9,493.535783,740.364562,0.5850811429358376,3.2104840068844444e-4,Non-significant,6.736753325921458e-4
CE1,8222.5228760000009,5655.054175,-0.5400402708195401,3.2104840068844444e-4,Non-significant,6.736753325921458e-4
CE11,1118.498037,791.18955,-0.499467442810113,3.2104840068844444e-4,Non-significant,6.736753325921458e-4
CE12,1438.692552,587.219111,-1.2927874806900346,3.2104840068844444e-4,RP_up,6.736753325921458e-4
CE13,53.155367,27.338722,-0.9592693060590831,3.2104840068844444e-4,Non-significant,6.736753325921458e-4
CE14,4319.899688,2820.435899,-0.6150796616135809,3.2104840068844444e-4,Non-significant,6.736753325921458e-4
CE15,307.301261,255.443752,-0.26664802874183224,0.023072674839545088,Non-significant,0.028397138264055495
CE16,37.821038,21.045394,-0.8456841353403786,4.600150848459634e-4,Non-significant,8.472220267666665e-4
CE17,19.953777,7.661648,-1.380934045916032,6.535851763234716e-4,RP_up,0.0011267192265239645
CE18,0.271026,0.270349,-0.0036081051792790702,0.07985810840089144,Non-significant,0.09292579886649185
CE19,637.587198,689.198337,0.11229655672199965,0.08834898734056579,Non-significant,0.10210989056065391
CE2,571.408416,252.324063,-1.179244457115331,3.2104840068844444e-4,RP_up,6.736753325921458e-4
CE3,1595.032303,601.214003,-1.4076351102940206,3.2104840068844444e-4,RP_up,6.736753325921458e-4
CE4,5116.477659,2390.122798,-1.098066211117795,3.2104840068844444e-4,RP_up,6.736753325921458e-4
CE5,40.675548,16.088873,-1.3380979695666069,3.2104840068844444e-4,RP_up,6.736753325921458e-4
CE6,170.583768,61.9375,-1.461595166916469,3.847075940359304e-4,RP_up,7.322315544475701e-4
CE7,695.346655,324.519261,-1.0994282599865832,3.2104840068844444e-4,RP_up,6.736753325921458e-4
CE8,705.639055,238.236354,-1.5665367918158546,3.2104840068844444e-4,RP_up,6.736753325921458e-4
CE9,1352.117527,734.116932,-0.881138765552863,0.0024484633814205177,Non-significant,0.0035817521465351574
GH1,4206.031714,2411.216255,-0.8026986777752663,3.2104840068844444e-4,Non-significant,6.736753325921458e-4
GH10,4650.91934,2118.499529,-1.1344731080371744,3.2104840068844444e-4,RP_up,6.736753325921458e-4
GH100,33.188573,20.65889,-0.6839235955092461,7.765925515945944e-4,Non-significant,0.001282630278762685
GH101,29.030573,12.73524,-1.1887462640549926,0.005223003841274113,RP_up,0.00716937792689637
GH102,428.511682,301.927478,-0.5051324607266837,3.847075940359304e-4,Non-significant,7.322315544475701e-4
GH103,1224.460507,504.451495,-1.2793587657349215,3.2104840068844444e-4,RP_up,6.736753325921458e-4
GH104,36.745468,12.714229,-1.5311216055134225,3.2104840068844444e-4,RP_up,6.736753325921458e-4
GH105,1618.036797,1148.46277,-0.4945403246416881,3.847075940359304e-4,Non-significant,7.322315544475701e-4
GH106,234.452826,169.333756,-0.46942804783564474,0.0015157391829947323,Non-significant,0.0023028440999801275
GH107,0.075311,0,-12.878836438696329,4.824029369617043e-4,RP_up,8.821082275871164e-4
GH108,132.375724,116.667171,-0.18223990218171052,0.05828818335235629,Non-significant,0.06908229138057041
GH109,6417.521333,4076.672821,-0.6546240093045733,3.2104840068844444e-4,Non-significant,6.736753325921458e-4
GH11,777.41866,315.7782,-1.2997801322343332,3.2104840068844444e-4,RP_up,6.736753325921458e-4
GH110,4.982889,2.614823,-0.9302665222034643,7.765925515945944e-4,Non-significant,0.001282630278762685
GH111,2.455449,8.992407,1.8727162049987593,3.2104840068844444e-4,RS_up,6.736753325921458e-4
GH112,8.222173,3.797389,-1.1145098884672202,0.0024484633814205177,RP_up,0.0035817521465351574
GH113,48.999382,23.729095,-1.0461061610602733,3.2104840068844444e-4,RP_up,6.736753325921458e-4
GH114,662.357412,265.969445,-1.3163493654050684,3.2104840068844444e-4,RP_up,6.736753325921458e-4
GH115,238.168728,107.795825,-1.1436826211276512,3.2104840068844444e-4,RP_up,6.736753325921458e-4
GH116,40.812858,40.499328,-0.011125769183983046,0.2184011256765389,Non-significant,0.23741268863352
GH117,17.195499,6.154772,-1.4822521583286192,4.600150848459634e-4,RP_up,8.472220267666665e-4
GH119,0.592771,0.22368,-1.4059984441239008,3.847075940359304e-4,RP_up,7.322315544475701e-4
GH12,1176.741396,402.370472,-1.5482009390819758,3.2104840068844444e-4,RP_up,6.736753325921458e-4
GH120,15.041258,12.635011,-0.2514981312469686,0.03315388311915087,Non-significant,0.04012952282979963
GH121,86.231709,39.847928,-1.1137135685122657,3.2104840068844444e-4,RP_up,6.736753325921458e-4
GH123,56.812526,34.605611,-0.7152029092637484,0.002091114743117322,Non-significant,0.003085448842870515
GH125,179.448165,62.248889,-1.5274470254375414,3.2104840068844444e-4,RP_up,6.736753325921458e-4
GH126,65.204794,9.374292,-2.7981950815722887,3.2104840068844444e-4,RP_up,6.736753325921458e-4
GH127,605.410248,429.12639,-0.4965104613279873,3.2104840068844444e-4,Non-significant,6.736753325921458e-4
GH128,42.60569,42.069229,-0.018280733093109302,1,Non-significant,1
GH129,20.181421,20.625397,0.031394113349207525,0.27625247598920494,Non-significant,0.29590223369555
GH13,610.622771,530.827824,-0.2020373938227803,0.008026952945258898,Non-significant,0.01045750612715663
GH130,965.53856,657.928625,-0.5534027866600736,4.600150848459634e-4,Non-significant,8.472220267666665e-4
GH133,357.650136,715.17351,0.9997442898504425,3.2104840068844444e-4,Non-significant,6.736753325921458e-4
GH134,0,0,0,0.40167816646977295,Non-significant,0.42229819554933007
GH135,145.616728,45.597141,-1.6751606065975937,4.600150848459634e-4,RP_up,8.472220267666665e-4
GH136,22.708954,16.49802,-0.4609681255710804,0.0010895144457840425,Non-significant,0.0017164042961274762
GH137,50.748516,30.54476,-0.732440542505815,0.004507304559912841,Non-significant,0.006305300367965504
GH138,38.335333,22.019047,-0.799922403618909,5.489028928050743e-4,Non-significant,9.591750208743961e-4
GH139,25.746811,10.747088,-1.2604471648151676,3.2104840068844444e-4,RP_up,6.736753325921458e-4
GH13_1,28.831815,7.084537,-2.0249146471709842,6.535851763234716e-4,RP_up,0.0011267192265239645
GH13_10,1201.4979,1205.339064,0.004604909261214424,0.8128968789723294,Non-significant,0.8258000040353822
GH13_11,6679.877118,8183.435082,0.29288499281107744,0.012110102316572354,Non-significant,0.015423811905684192
GH13_12,9.959883,2.371571,-2.070281099690452,0.0017821952173429944,RP_up,0.0026680817288877575
GH13_13,2095.679042,1551.536366,-0.4337202671967698,7.765925515945944e-4,Non-significant,0.001282630278762685
GH13_14,65.841969,34.963364,-0.9131632861774678,0.020364300044313163,Non-significant,0.025307091317204704
GH13_15,3.607278,4.21723,0.22538451651133348,0.47765973512758686,Non-significant,0.49808917390086443
GH13_16,7561.326721,9944.050534,0.3951942335327249,0.002091114743117322,Non-significant,0.003085448842870515
GH13_17,0.943789,0.69356,-0.4444381459657599,0.08834898734056579,Non-significant,0.10210989056065391
GH13_18,109.028555,135.768487,0.3164425989080556,0.0015157391829947323,Non-significant,0.0023028440999801275
GH13_19,50.205923,28.789767,-0.8023012481517072,9.208094290650081e-4,Non-significant,0.0015014472219149178
GH13_2,89.942672,98.41425,0.12986146954691719,0.2559086205193717,Non-significant,0.27468598261198807
GH13_20,82.41473,101.017212,0.2936269791640752,0.006970044611030268,Non-significant,0.009221351009941854
GH13_21,86.66203,67.58888,-0.3586140762724055,0.041796709339960283,Non-significant,0.05035274160484627
GH13_22,0,0,0,1,Non-significant,1
GH13_23,1495.889377,989.939493,-0.59559123232026,3.2104840068844444e-4,Non-significant,6.736753325921458e-4
GH13_24,0.24283,0.245314,0.014682301078365005,0.8498166073898079,Non-significant,0.8615962435318448
GH13_26,821.945567,729.913723,-0.17131690783545625,0.026088554933036596,Non-significant,0.031879093378794125
GH13_27,0.652614,0.601286,-0.11817668163911946,0.8128968789723294,Non-significant,0.8258000040353822
GH13_28,2.115563,0.44255,-2.257103501500521,0.0029466029068053526,RP_up,0.0042378109221470235
GH13_29,178.419886,47.402461,-1.9122423312412038,0.0028609082229319217,RP_up,0.0041261549581440675
GH13_3,2245.939776,2266.181483,0.012944158369913361,0.9245720118378405,Non-significant,0.9300213557190066
GH13_30,2495.63739,1082.947299,-1.204445285090509,3.2104840068844444e-4,RP_up,6.736753325921458e-4
GH13_31,875.639706,1230.784701,0.4911691307212417,0.003335878675561021,Non-significant,0.004731218509382944
GH13_32,580.202845,215.238636,-1.43062025822854,3.2104840068844444e-4,RP_up,6.736753325921458e-4
GH13_33,39.864667,36.494101,-0.1274473026049944,0.23662979340193685,Non-significant,0.25506200888798247
GH13_36,169.42843,71.053093,-1.2537065028880525,5.489028928050743e-4,RP_up,9.591750208743961e-4
GH13_37,0.108045,0.02345,-2.203490912703167,0.1705987715966292,Non-significant,0.19029754043022692
GH13_38,11.052495,5.564274,-0.9901054251940936,3.2104840068844444e-4,Non-significant,6.736753325921458e-4
GH13_39,52.632636,83.39978,0.6640858257461079,3.2104840068844444e-4,Non-significant,6.736753325921458e-4
GH13_4,323.662141,592.494841,0.8723139496262832,0.010580470819026765,Non-significant,0.013611057938044482
GH13_41,20.852447,13.472646,-0.630183091525519,0.10750800928017035,Non-significant,0.12286629632019468
GH13_42,63.206495,30.17077,-1.066921048629696,0.0010895144457840425,RP_up,0.0017164042961274762
GH13_5,112.879739,31.94863,-1.8209602605824244,0.0010895144457840425,RP_up,0.0017164042961274762
GH13_6,7.535743,5.046749,-0.5783944837312074,0.03726246388320403,Non-significant,0.044996182802359584
GH13_7,4.918991,7.620028,0.6314328438913344,3.847075940359304e-4,Non-significant,7.322315544475701e-4
GH13_8,36.464329,94.128259,1.3681418221477006,3.2104840068844444e-4,RS_up,6.736753325921458e-4
GH13_9,3390.651914,4199.245889,0.3085675833963548,0.006970044611030268,Non-significant,0.009221351009941854
GH14,43.642205,5.585799,-2.965886177145066,7.765925515945944e-4,RP_up,0.001282630278762685
GH140,141.976146,115.886055,-0.2929415621184384,0.004507304559912841,Non-significant,0.006305300367965504
GH141,794.962936,378.602319,-1.070204330624731,3.2104840068844444e-4,RP_up,6.736753325921458e-4
GH142,48.231379,42.392591,-0.18615987267107748,0.03315388311915087,Non-significant,0.04012952282979963
GH143,23.825989,17.453424,-0.4490257884857535,0.012110102316572354,Non-significant,0.015423811905684192
GH144,512.776427,474.87066600000003,-0.11079529875382811,0.005223003841274113,Non-significant,0.00716937792689637
GH146,1725.54672,807.035471,-1.0963495367844787,3.2104840068844444e-4,RP_up,6.736753325921458e-4
GH147,8.840579,12.093378,0.4520040798884977,0.0015157391829947323,Non-significant,0.0023028440999801275
GH148,49.040086,17.276033,-1.5051889907009648,3.2104840068844444e-4,RP_up,6.736753325921458e-4
GH149,4.650071,29.84268,2.6820498330836693,3.2104840068844444e-4,RS_up,6.736753325921458e-4
GH15,3171.831098,3044.011257,-0.059342254424044304,0.09755309370326853,Non-significant,0.11198920174007508
GH151,82.24204,50.867295,-0.6931375653858352,3.847075940359304e-4,Non-significant,7.322315544475701e-4
GH152,1.760033,1.244693,-0.4998091358442865,0.006970044611030268,Non-significant,0.009221351009941854
GH153,8.25652,1.703272,-2.2772182713532665,4.600150848459634e-4,RP_up,8.472220267666665e-4
GH154,773.471908,276.887353,-1.4820497021949666,3.2104840068844444e-4,RP_up,6.736753325921458e-4
GH156,0.706139,1.015584,0.5242792422489846,0.006039847964662564,Non-significant,0.008159372448304045
GH157,2.364675,6.672596,1.4966023042148289,3.2104840068844444e-4,RS_up,6.736753325921458e-4
GH158,31.168318,17.804647,-0.8078261218256823,5.489028928050743e-4,Non-significant,9.591750208743961e-4
GH159,130.870807,66.404835,-0.9787830135128511,3.847075940359304e-4,Non-significant,7.322315544475701e-4
GH16,474.501849,258.835484,-0.8743782723909103,3.2104840068844444e-4,Non-significant,6.736753325921458e-4
GH163,13.655848,19.517936,0.5152812749979279,3.2104840068844444e-4,Non-significant,6.736753325921458e-4
GH164,2.546207,1.796257,-0.5033535668855244,0.003881629352929658,Non-significant,0.005474915230578471
GH165,3.495352,6.032328,0.7872753897919683,3.847075940359304e-4,Non-significant,7.322315544475701e-4
GH166,5.783652,3.302257,-0.8085264709793882,3.2104840068844444e-4,Non-significant,6.736753325921458e-4
GH168,52.253136,13.069153,-1.9993511517126865,3.2104840068844444e-4,RP_up,6.736753325921458e-4
GH16_10,312.844285,94.742892,-1.7233550275849074,3.2104840068844444e-4,RP_up,6.736753325921458e-4
GH16_14,0.105747,0.187976,0.8298720654366302,0.010580470819026765,Non-significant,0.013611057938044482
GH16_21,132.270489,56.424272,-1.2291032651425506,3.2104840068844444e-4,RP_up,6.736753325921458e-4
GH16_23,0.102785,0.519102,2.3362757451960796,4.824029369617043e-4,RS_up,8.821082275871164e-4
GH16_24,303.676203,211.919376,-0.5190183375625521,0.006039847964662564,Non-significant,0.008159372448304045
GH16_25,25.410113,9.585678,-1.406449470665159,7.765925515945944e-4,RP_up,0.001282630278762685
GH16_3,1681.687755,885.165375,-0.9258909288971329,3.2104840068844444e-4,Non-significant,6.736753325921458e-4
GH16_5,160.562768,47.347214,-1.7617857359321376,3.2104840068844444e-4,RP_up,6.736753325921458e-4
GH16_7,23.245625,5.850296,-1.99037584454947,3.2104840068844444e-4,RP_up,6.736753325921458e-4
GH16_9,2.691864,1.392747,-0.9506673155213181,0.0010895144457840425,Non-significant,0.0017164042961274762
GH17,13.014595,6.328365,-1.0402245287465843,3.2104840068844444e-4,RP_up,6.736753325921458e-4
GH170,552.231961,90.578913,-2.6080271232513454,9.208094290650081e-4,RP_up,0.0015014472219149178
GH171,1693.819396,1315.334651,-0.3648501520352477,7.765925515945944e-4,Non-significant,0.001282630278762685
GH18,5356.189892,1747.444176,-1.6159607357256456,3.2104840068844444e-4,RP_up,6.736753325921458e-4
GH19,1290.371899,560.49413,-1.2030157421616454,3.2104840068844444e-4,RP_up,6.736753325921458e-4
GH2,3605.984301,1969.520306,-0.8725488211533821,3.2104840068844444e-4,Non-significant,6.736753325921458e-4
GH20,1883.106432,918.38729,-1.0359399533126672,3.2104840068844444e-4,RP_up,6.736753325921458e-4
GH23,4928.023303,5139.926914,0.06073876729750981,0.6359413340000057,Non-significant,0.6512039260160059
GH24,145.574561,57.844983,-1.3314943755104287,3.2104840068844444e-4,RP_up,6.736753325921458e-4
GH25,1758.58154,607.746944,-1.5328695753724644,3.2104840068844444e-4,RP_up,6.736753325921458e-4
GH26,197.806758,122.061241,-0.696486507341434,3.2104840068844444e-4,Non-significant,6.736753325921458e-4
GH27,3792.270173,1345.419064,-1.4950061372295134,3.2104840068844444e-4,RP_up,6.736753325921458e-4
GH28,2152.114593,1003.290525,-1.1010154602526638,3.2104840068844444e-4,RP_up,6.736753325921458e-4
GH29,4296.48848,2265.307503,-0.9234511222817033,3.2104840068844444e-4,Non-significant,6.736753325921458e-4
GH3,7195.371386,4660.332267,-0.6266363337256965,3.2104840068844444e-4,Non-significant,6.736753325921458e-4
GH30,5.129183,4.128382,-0.3131518933399753,0.005223003841274113,Non-significant,0.00716937792689637
GH30_1,49.047129,72.044831,0.5547261411986669,6.535851763234716e-4,Non-significant,0.0011267192265239645
GH30_2,17.726255,6.949344,-1.3509378074984701,0.046789521154502293,Non-significant,0.05610359445223694
GH30_3,481.006219,166.729527,-1.5285458690695481,3.2104840068844444e-4,RP_up,6.736753325921458e-4
GH30_4,38.188822,18.968064,-1.0095775996938585,3.847075940359304e-4,RP_up,7.322315544475701e-4
GH30_5,1432.454513,480.231986,-1.5766859045249433,3.2104840068844444e-4,RP_up,6.736753325921458e-4
GH30_6,0.01553,0,-10.601770788407709,0.3065562733793729,Non-significant,0.3269933582713311
GH30_7,124.020514,43.348086,-1.516538358412227,3.2104840068844444e-4,RP_up,6.736753325921458e-4
GH30_8,103.970024,51.367181,-1.0172486904937024,3.2104840068844444e-4,RP_up,6.736753325921458e-4
GH31,3370.067288,1833.968215,-0.8778087580766031,3.2104840068844444e-4,Non-significant,6.736753325921458e-4
GH32,2762.519039,1290.880871,-1.0976285338815126,3.2104840068844444e-4,RP_up,6.736753325921458e-4
GH33,566.53222,349.588215,-0.696501441150707,3.2104840068844444e-4,Non-significant,6.736753325921458e-4
GH35,886.288706,365.969006,-1.2760552344566893,3.2104840068844444e-4,RP_up,6.736753325921458e-4
GH36,917.206035,409.877591,-1.1620527115761776,3.2104840068844444e-4,RP_up,6.736753325921458e-4
GH37,381.546353,146.864019,-1.3773772906487707,3.2104840068844444e-4,RP_up,6.736753325921458e-4
GH38,1286.826684,1060.163487,-0.27953099630416656,3.2104840068844444e-4,Non-significant,6.736753325921458e-4
GH39,1039.566027,567.451469,-0.8734124638694273,3.2104840068844444e-4,Non-significant,6.736753325921458e-4
GH4,2279.695413,1039.468855,-1.132994540982704,3.2104840068844444e-4,RP_up,6.736753325921458e-4
GH42,2701.207191,987.881762,-1.451194010652695,3.2104840068844444e-4,RP_up,6.736753325921458e-4
GH43,144.910535,45.241157,-1.6794545328659496,3.2104840068844444e-4,RP_up,6.736753325921458e-4
GH43_1,229.355575,105.630039,-1.1185657363995523,3.2104840068844444e-4,RP_up,6.736753325921458e-4
GH43_10,1811.21628,861.414042,-1.0721800757226356,3.2104840068844444e-4,RP_up,6.736753325921458e-4
GH43_11,460.126761,187.090931,-1.298291692926383,3.2104840068844444e-4,RP_up,6.736753325921458e-4
GH43_12,1067.444385,353.969993,-1.5924619091809669,3.2104840068844444e-4,RP_up,6.736753325921458e-4
GH43_15,17.069063,7.742276,-1.140553202656724,7.765925515945944e-4,RP_up,0.001282630278762685
GH43_16,256.920688,147.957176,-0.79614335386808,3.847075940359304e-4,Non-significant,7.322315544475701e-4
GH43_17,121.980383,53.524042,-1.1883900257204687,5.489028928050743e-4,RP_up,9.591750208743961e-4
GH43_18,152.048432,82.324963,-0.8851289947567819,3.847075940359304e-4,Non-significant,7.322315544475701e-4
GH43_19,27.041924,22.928062,-0.238083289621592,9.208094290650081e-4,Non-significant,0.0015014472219149178
GH43_2,212.851599,62.184997,-1.775209306763108,3.2104840068844444e-4,RP_up,6.736753325921458e-4
GH43_20,229.548524,74.122581,-1.6308140007444456,3.2104840068844444e-4,RP_up,6.736753325921458e-4
GH43_21,0.133737,0.051773,-1.3689560776671086,0.003335878675561021,RP_up,0.004731218509382944
GH43_22,2786.732997,1015.74891,-1.456030955847168,3.2104840068844444e-4,RP_up,6.736753325921458e-4
GH43_23,369.660695,146.568356,-1.3346279342044853,3.2104840068844444e-4,RP_up,6.736753325921458e-4
GH43_24,555.564027,227.649674,-1.28713775645555,3.2104840068844444e-4,RP_up,6.736753325921458e-4
GH43_26,1880.258021,676.849947,-1.4740226989170433,3.2104840068844444e-4,RP_up,6.736753325921458e-4
GH43_27,6.6544740000000004,3.302809,-1.0106288917577435,3.2104840068844444e-4,RP_up,6.736753325921458e-4
GH43_28,263.113478,208.653463,-0.3345762731442253,0.14224516938413406,Non-significant,0.16006489390038822
GH43_29,2140.041923,822.58121,-1.3794090259830294,3.2104840068844444e-4,RP_up,6.736753325921458e-4
GH43_3,84.510229,112.228163,0.4092368362180527,0.0028609082229319217,Non-significant,0.0041261549581440675
GH43_30,78.49538,123.87667,0.6582247904389914,7.765925515945944e-4,Non-significant,0.001282630278762685
GH43_31,15.286229,8.567432,-0.8352970670360087,0.0012864240407735978,Non-significant,0.0020080765514514697
GH43_32,33.047317,61.645288,0.8994572716397038,3.2104840068844444e-4,Non-significant,6.736753325921458e-4
GH43_33,17.243024,20.035246,0.2165272975555678,0.23662979340193685,Non-significant,0.25506200888798247
GH43_34,1131.163801,612.768156,-0.8843946155872923,3.2104840068844444e-4,Non-significant,6.736753325921458e-4
GH43_35,7.390143,3.626256,-1.027119477148958,0.03315388311915087,RP_up,0.04012952282979963
GH43_36,308.263894,122.882465,-1.326886788648638,3.2104840068844444e-4,RP_up,6.736753325921458e-4
GH43_37,67.660652,28.4864,-1.2480434752357559,3.2104840068844444e-4,RP_up,6.736753325921458e-4
GH43_4,165.831794,57.409838,-1.5303505791755125,3.2104840068844444e-4,RP_up,6.736753325921458e-4
GH43_5,397.680424,255.10348,-0.6405269466626753,3.2104840068844444e-4,Non-significant,6.736753325921458e-4
GH43_7,194.008185,150.728344,-0.36416676132315895,0.005223003841274113,Non-significant,0.00716937792689637
GH43_8,19.589731,18.16839,-0.10866694932446454,0.6025624145325401,Non-significant,0.6232564772538597
GH43_9,656.158342,253.246965,-1.3734989889884184,3.2104840068844444e-4,RP_up,6.736753325921458e-4
GH44,290.0373,161.042745,-0.8487947403409551,3.2104840068844444e-4,Non-significant,6.736753325921458e-4
GH45,20.756391,6.932784,-1.5820475149243864,3.2104840068844444e-4,RP_up,6.736753325921458e-4
GH46,870.361354,287.048728,-1.6003188028208408,3.2104840068844444e-4,RP_up,6.736753325921458e-4
GH47,46.255958,42.590684,-0.11910127759251257,0.06486517886852897,Non-significant,0.07652297599236597
GH48,783.708953,240.389837,-1.7049420323990612,3.2104840068844444e-4,RP_up,6.736753325921458e-4
GH49,5.472973,3.048218,-0.844356558372311,0.012110102316572354,Non-significant,0.015423811905684192
GH5,491.020136,282.655675,-0.7967365039605377,3.2104840068844444e-4,Non-significant,6.736753325921458e-4
GH50,6.216614,12.092041,0.9598557407505246,0.006039847964662564,Non-significant,0.008159372448304045
GH51,2433.775679,1264.015248,-0.9451823284931272,3.2104840068844444e-4,Non-significant,6.736753325921458e-4
GH52,7.238235,7.07,-0.03392768523510389,0.0720427186362098,Non-significant,0.08460062371958582
GH53,411.778065,159.47289,-1.3685557354671154,3.2104840068844444e-4,RP_up,6.736753325921458e-4
GH54,954.234755,575.389275,-0.7298058928200586,3.2104840068844444e-4,Non-significant,6.736753325921458e-4
GH55,268.118602,101.689499,-1.398700522038188,3.2104840068844444e-4,RP_up,6.736753325921458e-4
GH57,489.462624,324.833116,-0.5914999635238745,3.2104840068844444e-4,Non-significant,6.736753325921458e-4
GH59,29.560533,11.985467,-1.302385443963153,3.847075940359304e-4,RP_up,7.322315544475701e-4
GH5_1,449.158853,385.122999,-0.22190648316791725,0.0010895144457840425,Non-significant,0.0017164042961274762
GH5_10,0.771173,0.925918,0.2638267650614453,0.07985810840089144,Non-significant,0.09292579886649185
GH5_12,0.842691,0.272408,-1.6291988047039163,3.2104840068844444e-4,RP_up,6.736753325921458e-4
GH5_13,134.748015,96.668026,-0.4791532916750442,0.0017821952173429944,Non-significant,0.0026680817288877575
GH5_17,3.726476,3.142173,-0.2460486343228975,0.3437599996603693,Non-significant,0.3659150100334908
GH5_18,417.305659,152.435186,-1.4529084720099217,3.2104840068844444e-4,RP_up,6.736753325921458e-4
GH5_19,21.89272,50.482304,1.2053261735898084,3.2104840068844444e-4,RS_up,6.736753325921458e-4
GH5_2,1056.807017,365.899408,-1.5301929385653863,3.2104840068844444e-4,RP_up,6.736753325921458e-4
GH5_21,0.167794,0.201843,0.2665279225541753,0.18501631052301487,Non-significant,0.20241100638415305
GH5_22,25.883761,31.449501,0.2809897666855598,0.18501631052301487,Non-significant,0.20241100638415305
GH5_24,2.397065,0.834876,-1.5216239264223186,0.0010895144457840425,RP_up,0.0017164042961274762
GH5_25,132.932056,109.663841,-0.2776011129732382,0.023072674839545088,Non-significant,0.028397138264055495
GH5_26,3.436722,3.801321,0.14546729978999526,0.9245720118378405,Non-significant,0.9300213557190066
GH5_27,15.98282,10.841629,-0.5599400070722478,0.005223003841274113,Non-significant,0.00716937792689637
GH5_28,25.87715,33.56975,0.3754829315665079,0.008026952945258898,Non-significant,0.01045750612715663
GH5_29,1.219082,1.515453,0.313951624686398,0.10750800928017035,Non-significant,0.12286629632019468
GH5_34,0.081551,0.135647,0.7340121245394131,0.11825088388903639,Non-significant,0.1339479038743067
GH5_35,343.578603,115.805638,-1.5689346174773067,3.2104840068844444e-4,RP_up,6.736753325921458e-4
GH5_36,47.135391,81.329655,0.7869706696604095,3.847075940359304e-4,Non-significant,7.322315544475701e-4
GH5_37,0.104788,0.168806,0.6878404616451134,0.015767922944396006,Non-significant,0.019933769253162356
GH5_38,4.814168,0.931794,-2.3691910564806915,3.847075940359304e-4,RP_up,7.322315544475701e-4
GH5_39,32.42066,56.810182,0.8092358731770178,3.2104840068844444e-4,Non-significant,6.736753325921458e-4
GH5_4,2363.034439,1025.65314,-1.2040977311077883,3.2104840068844444e-4,RP_up,6.736753325921458e-4
GH5_40,254.42123,100.167525,-1.3448041203010814,3.2104840068844444e-4,RP_up,6.736753325921458e-4
GH5_41,6.368339,5.725029,-0.15363387987311497,0.8128968789723294,Non-significant,0.8258000040353822
GH5_42,2.553868,1.050917,-1.2810271488404865,3.847075940359304e-4,RP_up,7.322315544475701e-4
GH5_43,250.281573,76.810645,-1.7041737767183907,3.2104840068844444e-4,RP_up,6.736753325921458e-4
GH5_44,2.096642,1.428228,-0.5538510158584334,0.6025624145325401,Non-significant,0.6232564772538597
GH5_45,0.212046,0.207576,-0.030736154878859973,0.6359413340000057,Non-significant,0.6512039260160059
GH5_46,103.255127,60.216266,-0.777988164033757,3.2104840068844444e-4,Non-significant,6.736753325921458e-4
GH5_47,5.729783,1.221918,-2.229323740394339,3.2104840068844444e-4,RP_up,6.736753325921458e-4
GH5_48,35.893362,11.490226,-1.643309033334243,3.2104840068844444e-4,RP_up,6.736753325921458e-4
GH5_5,177.894271,73.871842,-1.2679234789271816,3.2104840068844444e-4,RP_up,6.736753325921458e-4
GH5_51,284.161445,91.485001,-1.6351035786873502,3.2104840068844444e-4,RP_up,6.736753325921458e-4
GH5_53,122.490201,50.560027,-1.2765970341692126,3.2104840068844444e-4,RP_up,6.736753325921458e-4
GH5_54,0.52447,0.159776,-1.714746750629431,3.2104840068844444e-4,RP_up,6.736753325921458e-4
GH5_55,6.912285,2.673714,-1.3703142412334948,4.600150848459634e-4,RP_up,8.472220267666665e-4
GH5_7,219.20489,274.469353,0.3243650727975272,0.0015157391829947323,Non-significant,0.0023028440999801275
GH5_8,631.171768,184.560955,-1.7739352461546107,3.2104840068844444e-4,RP_up,6.736753325921458e-4
GH5_9,0,0,0,NA,Non-significant,NA
GH6,1914.126119,661.719107,-1.5323950329944518,3.2104840068844444e-4,RP_up,6.736753325921458e-4
GH62,4723.749585,1640.80352,-1.525529989066812,3.2104840068844444e-4,RP_up,6.736753325921458e-4
GH63,493.515882,284.986756,-0.7922016164632004,3.2104840068844444e-4,Non-significant,6.736753325921458e-4
GH64,361.394085,91.083267,-1.9883148305788212,3.2104840068844444e-4,RP_up,6.736753325921458e-4
GH65,1324.161403,1429.633216,0.11056607454022763,0.4209652205167463,Non-significant,0.44076522066375073
GH66,128.939809,54.802748,-1.2343774583082525,0.14224516938413406,Non-significant,0.16006489390038822
GH67,460.48092,351.150586,-0.3910515270735592,5.489028928050743e-4,Non-significant,9.591750208743961e-4
GH68,407.738527,191.162699,-1.0928432006251323,4.600150848459634e-4,RP_up,8.472220267666665e-4
GH70,0.009528,0.020984,1.138218382566648,0.5894979267172402,Non-significant,0.6122169137509675
GH71,1.213439,1.266726,0.06200240945411682,0.3941664044478957,Non-significant,0.4152534960438737
GH73,467.307275,157.429235,-1.5696679585859106,3.2104840068844444e-4,RP_up,6.736753325921458e-4
GH74,2323.472433,1009.949585,-1.2019992420765062,3.2104840068844444e-4,RP_up,6.736753325921458e-4
GH75,129.799732,38.807905,-1.741864685864916,3.2104840068844444e-4,RP_up,6.736753325921458e-4
GH76,325.15954,148.906726,-1.1267387789569565,3.2104840068844444e-4,RP_up,6.736753325921458e-4
GH77,765.808771,504.241029,-0.6028706621164341,3.2104840068844444e-4,Non-significant,6.736753325921458e-4
GH78,871.779383,511.040635,-0.7705250631379148,3.2104840068844444e-4,Non-significant,6.736753325921458e-4
GH79,194.33668,45.94995,-2.080422791023501,3.2104840068844444e-4,RP_up,6.736753325921458e-4
GH8,323.441575,95.765138,-1.755932564825939,3.2104840068844444e-4,RP_up,6.736753325921458e-4
GH81,56.282848,22.876703,-1.2988158134483117,3.2104840068844444e-4,RP_up,6.736753325921458e-4
GH84,154.848741,93.848161,-0.72245921250792,0.0012864240407735978,Non-significant,0.0020080765514514697
GH85,252.920232,94.952571,-1.4134033836886064,3.2104840068844444e-4,RP_up,6.736753325921458e-4
GH87,404.284639,174.301192,-1.2137889059265325,3.2104840068844444e-4,RP_up,6.736753325921458e-4
GH88,1113.939021,468.04598,-1.2509480716147638,3.2104840068844444e-4,RP_up,6.736753325921458e-4
GH89,121.091828,55.492244,-1.1257433166921276,3.2104840068844444e-4,RP_up,6.736753325921458e-4
GH9,1357.802542,667.887614,-1.02359641564682,3.2104840068844444e-4,RP_up,6.736753325921458e-4
GH91,174.582491,151.469758,-0.20487908645759526,0.16981294543306552,Non-significant,0.18983455908674574
GH92,2231.058261,1029.731528,-1.115459934087367,3.2104840068844444e-4,RP_up,6.736753325921458e-4
GH93,209.889336,62.448501,-1.7488898589223854,3.2104840068844444e-4,RP_up,6.736753325921458e-4
GH94,253.377587,308.620531,0.2845451165182142,0.0015157391829947323,Non-significant,0.0023028440999801275
GH95,2122.665387,986.455063,-1.1055517206010743,3.2104840068844444e-4,RP_up,6.736753325921458e-4
GH97,1361.148534,882.403511,-0.6253140659642411,3.2104840068844444e-4,Non-significant,6.736753325921458e-4
GH98,0.90447,0.518321,-0.8032149220456307,0.029439338297078208,Non-significant,0.03588795525739058
GH99,63.712407,167.433071,1.3939381262440078,3.2104840068844444e-4,RS_up,6.736753325921458e-4
GT1,2400.076523,1048.341801,-1.1949712277128481,3.2104840068844444e-4,RP_up,6.736753325921458e-4
GT10,1.823716,0.752871,-1.2763952362248687,3.847075940359304e-4,RP_up,7.322315544475701e-4
GT100,0,0,0,0.058707408431205005,Non-significant,0.06941845985398837
GT101,0.180648,0.057503,-1.6513011435905303,0.006970044611030268,RP_up,0.009221351009941854
GT102,15.345809,1.884463,-3.0256126140088564,7.765925515945944e-4,RP_up,0.001282630278762685
GT103,0.201714,0.185226,-0.12301822917105887,0.47765973512758686,Non-significant,0.49808917390086443
GT104,46.858123,19.187945,-1.2880985118637585,3.2104840068844444e-4,RP_up,6.736753325921458e-4
GT105,60.874592,75.151768,0.30396680212010674,0.002091114743117322,Non-significant,0.003085448842870515
GT107,63.909227,18.922132,-1.7559490513944287,3.2104840068844444e-4,RP_up,6.736753325921458e-4
GT108,12.202007,5.689501,-1.1007430790203059,0.07985810840089144,Non-significant,0.09292579886649185
GT11,4.388481,2.192249,-1.0013066959783796,3.847075940359304e-4,RP_up,7.322315544475701e-4
GT111,0.29993,0.024328,-3.623391409758061,0.001332047360777073,RP_up,0.002072973400358241
GT112,1.834921,0.068481,-4.743667578898329,0.01203694810709478,RP_up,0.015423811905684192
GT113,1.108982,0.49584,-1.16127329744878,5.489028928050743e-4,RP_up,9.591750208743961e-4
GT114,6.993089,2.877891,-1.280914965178147,5.489028928050743e-4,RP_up,9.591750208743961e-4
GT12,0.241777,0.140502,-0.7830433335626615,0.009225146139072984,Non-significant,0.01192746167476103
GT14,32.513492,10.149892,-1.6795731579062882,3.2104840068844444e-4,RP_up,6.736753325921458e-4
GT17,1.539686,0.560144,-1.4587501121816135,9.208094290650081e-4,RP_up,0.0015014472219149178
GT19,469.097709,451.92402,-0.053808214735904504,0.008026952945258898,Non-significant,0.01045750612715663
GT2,17407.95587,12623.22741,-0.4636659894020365,3.2104840068844444e-4,Non-significant,6.736753325921458e-4
GT20,2321.776775,2259.188254,-0.039424779305528894,0.6359413340000057,Non-significant,0.6512039260160059
GT21,52.338713,24.900555,-1.071700247070391,3.2104840068844444e-4,RP_up,6.736753325921458e-4
GT22,4.502398,7.771938,0.787579451164775,0.003335878675561021,Non-significant,0.004731218509382944
GT23,0.375283,0.451114,0.2655066589314366,0.020364300044313163,Non-significant,0.025307091317204704
GT25,63.242956,31.770751,-0.9932053823999857,3.2104840068844444e-4,Non-significant,6.736753325921458e-4
GT26,619.498751,404.314161,-0.6156246267713232,7.765925515945944e-4,Non-significant,0.001282630278762685
GT27,86.136505,27.736972,-1.634814134988951,3.847075940359304e-4,RP_up,7.322315544475701e-4
GT28,2197.154321,1401.246698,-0.6489252264523673,3.2104840068844444e-4,Non-significant,6.736753325921458e-4
GT3,19.126733,54.57396,1.5126217717365162,3.2104840068844444e-4,RS_up,6.736753325921458e-4
GT30,401.137295,306.286382,-0.389214869409409,3.847075940359304e-4,Non-significant,7.322315544475701e-4
GT31,0,0,0,0.10831938073000408,Non-significant,0.12324338429724908
GT32,28.53652,10.87354,-1.3919868870901266,0.002091114743117322,RP_up,0.003085448842870515
GT33,0.385158,0.910355,1.2409572445396686,3.847075940359304e-4,RS_up,7.322315544475701e-4
GT34,0.015488,0.023103,0.5766224802788875,0.16407189181421777,Non-significant,0.18422107151070063
GT35,1406.365154,997.167673,-0.49606320744061144,3.2104840068844444e-4,Non-significant,6.736753325921458e-4
GT39,959.737893,387.705201,-1.3076803448207022,3.2104840068844444e-4,RP_up,6.736753325921458e-4
GT4,13730.86637,9614.334038,-0.5141638228633881,3.2104840068844444e-4,Non-significant,6.736753325921458e-4
GT41,77.944125,33.000722,-1.2399424439717377,3.2104840068844444e-4,RP_up,6.736753325921458e-4
GT42,0.139081,0.153712,0.14429457971290893,0.4209652205167463,Non-significant,0.44076522066375073
GT45,0.04429,0.027986,-0.6620859856243877,0.3941664044478957,Non-significant,0.4152534960438737
GT47,0.243523,0.147394,-0.7243416039280788,0.0720427186362098,Non-significant,0.08460062371958582
GT5,784.35854,565.470111,-0.4720625019234817,3.2104840068844444e-4,Non-significant,6.736753325921458e-4
GT51,9480.447616,6265.247214,-0.5975837397871724,3.2104840068844444e-4,Non-significant,6.736753325921458e-4
GT52,0,0,0,0.1814492077214203,Non-significant,0.20152276432400695
GT53,13.634779,7.294546,-0.9024003015844669,3.2104840068844444e-4,Non-significant,6.736753325921458e-4
GT55,4.33763,3.84076,-0.1755147499547291,0.6359413340000057,Non-significant,0.6512039260160059
GT56,8.109614,1.295135,-2.646521399769425,3.2104840068844444e-4,RP_up,6.736753325921458e-4
GT6,0.100397,0.014318000000000001,-2.8089507045408353,0.0015157391829947323,RP_up,0.0023028440999801275
GT60,2.869054,1.68983,-0.7636934970292076,0.0010895144457840425,Non-significant,0.0017164042961274762
GT61,6.349435,2.456145,-1.3702288851555617,0.0017821952173429944,RP_up,0.0026680817288877575
GT62,2.426484,1.948815,-0.31626874703190794,0.18501631052301487,Non-significant,0.20241100638415305
GT66,19.193758,19.726845,0.039523009195138445,0.09755309370326853,Non-significant,0.11198920174007508
GT7,40.525697,7.825912,-2.372504718551864,3.2104840068844444e-4,RP_up,6.736753325921458e-4
GT70,10.257878,4.567435,-1.1672744630468292,3.2104840068844444e-4,RP_up,6.736753325921458e-4
GT71,0.583626,1.753001,1.5866942690841195,3.847075940359304e-4,RS_up,7.322315544475701e-4
GT73,11.194257,3.316005,-1.7552376256949451,3.847075940359304e-4,RP_up,7.322315544475701e-4
GT74,0.139905,0.051823,-1.4326078373452877,0.0017821952173429944,RP_up,0.0026680817288877575
GT75,0.156004,0.424405,1.4438001500767967,6.535851763234716e-4,RS_up,0.0011267192265239645
GT76,246.975452,101.184641,-1.2873772514702684,3.2104840068844444e-4,RP_up,6.736753325921458e-4
GT78,0,0.039128,11.934354319017094,0.005355263589809519,RS_up,0.007331269941129608
GT8,80.747833,31.651393,-1.3511542710357956,3.2104840068844444e-4,RP_up,6.736753325921458e-4
GT81,759.437475,419.193792,-0.8573138245258901,3.2104840068844444e-4,Non-significant,6.736753325921458e-4
GT83,1428.725327,812.810963,-0.8137368106770243,3.2104840068844444e-4,Non-significant,6.736753325921458e-4
GT84,537.633495,609.674809,0.18141691172143,0.013832594507252102,Non-significant,0.017573916594821527
GT85,3.095449,1.282008,-1.2717368325478648,3.847075940359304e-4,RP_up,7.322315544475701e-4
GT87,1299.920918,467.360232,-1.4758169537911927,3.2104840068844444e-4,RP_up,6.736753325921458e-4
GT89,34.705227,53.012104,0.6111686920157307,3.2104840068844444e-4,Non-significant,6.736753325921458e-4
GT9,804.232632,645.777308,-0.31657612383177286,5.489028928050743e-4,Non-significant,9.591750208743961e-4
GT90,2.047479,0.636423,-1.685775152492819,3.2104840068844444e-4,RP_up,6.736753325921458e-4
GT92,15.205279,4.141948,-1.8761884076492223,3.2104840068844444e-4,RP_up,6.736753325921458e-4
GT93,0.504206,0.055348,-3.187178172485111,0.0028609082229319217,RP_up,0.0041261549581440675
GT94,65.640535,33.716742000000004,-0.9611216519357407,3.2104840068844444e-4,Non-significant,6.736753325921458e-4
GT99,0.199762,0.00544,-5.1959543493622276,0.0028609082229319217,RP_up,0.0041261549581440675
PL1,697.376504,298.2248,-1.2255374946638902,3.2104840068844444e-4,RP_up,6.736753325921458e-4
PL10,0.230102,0.22085,-0.05920406437770951,0.18501631052301487,Non-significant,0.20241100638415305
PL10_1,30.692485,18.861136,-0.7024685910044258,5.489028928050743e-4,Non-significant,9.591750208743961e-4
PL10_2,143.007727,66.089811,-1.1135932083241706,3.2104840068844444e-4,RP_up,6.736753325921458e-4
PL10_3,5.263625,6.091007,0.21062368027299253,0.023072674839545088,Non-significant,0.028397138264055495
PL11,936.897164,342.11191,-1.4534223464903828,3.2104840068844444e-4,RP_up,6.736753325921458e-4
PL11_1,160.613566,73.416571,-1.1294160080361717,3.2104840068844444e-4,RP_up,6.736753325921458e-4
PL11_2,62.224595,25.444669,-1.2901211760885636,3.2104840068844444e-4,RP_up,6.736753325921458e-4
PL12,54.030659,83.456492,0.6272459073572396,0.009225146139072984,Non-significant,0.01192746167476103
PL12_1,1.692083,0.58501,-1.5322510114735763,0.005667563801514379,RP_up,0.007738113777000965
PL12_2,0.016066,0.066101,2.03998185465675,0.0024484633814205177,RS_up,0.0035817521465351574
PL12_3,168.887719,90.090418,-0.9066187743170078,3.2104840068844444e-4,Non-significant,6.736753325921458e-4
PL14,1.981284,2.882085,0.5406749160438696,7.765925515945944e-4,Non-significant,0.001282630278762685
PL14_3,18.839728,11.888561,-0.6642035875373633,0.0010895144457840425,Non-significant,0.0017164042961274762
PL15,9.29168,13.326571,0.520293770160412,4.600150848459634e-4,Non-significant,8.472220267666665e-4
PL15_1,5.029954,0.919457,-2.451678372705076,3.2104840068844444e-4,RP_up,6.736753325921458e-4
PL16,3.039351,1.112952,-1.4493637056875774,0.05828818335235629,Non-significant,0.06908229138057041
PL17,34.227895,27.288567,-0.3268758262063905,0.18501631052301487,Non-significant,0.20241100638415305
PL17_1,0,0,0,0.2339528334705896,Non-significant,0.25377934478165654
PL17_2,80.529195,45.159742,-0.8344745274924155,0.003335878675561021,Non-significant,0.004731218509382944
PL1_11,9.247317,3.192815,-1.5342029251162204,3.2104840068844444e-4,RP_up,6.736753325921458e-4
PL1_13,0.065619,0.006707,-3.2884445166597125,0.34868807754105313,Non-significant,0.37039065498136764
PL1_2,608.014173,307.927226,-0.9815154988258897,3.2104840068844444e-4,Non-significant,6.736753325921458e-4
PL1_3,87.231154,39.561901,-1.1407315251466483,3.2104840068844444e-4,RP_up,6.736753325921458e-4
PL1_4,0.688412,0.434062,-0.6653588385943721,0.0017821952173429944,Non-significant,0.0026680817288877575
PL1_5,144.16912,80.813705,-0.835090222214576,3.2104840068844444e-4,Non-significant,6.736753325921458e-4
PL1_6,560.418359,234.20372,-1.2587401913661835,3.2104840068844444e-4,RP_up,6.736753325921458e-4
PL1_7,51.644768,31.471397,-0.7145808010769379,3.2104840068844444e-4,Non-significant,6.736753325921458e-4
PL1_8,3.773192,0.783532,-2.267706823224267,5.489028928050743e-4,RP_up,9.591750208743961e-4
PL1_9,43.900218,9.075115,-2.2742390126370013,3.2104840068844444e-4,RP_up,6.736753325921458e-4
PL2,0.353849,0.596733,0.753935125031036,0.015767922944396006,Non-significant,0.019933769253162356
PL20,34.645675,4.250369,-3.027012285804668,3.2104840068844444e-4,RP_up,6.736753325921458e-4
PL21,0.235307,0.352573,0.5833573670236345,0.23662979340193685,Non-significant,0.25506200888798247
PL21_1,1.067877,0.541449,-0.9798349899664864,5.489028928050743e-4,Non-significant,9.591750208743961e-4
PL22,34.528585,22.199206,-0.6372829043641057,0.008026952945258898,Non-significant,0.01045750612715663
PL22_1,26.899678,23.54213,-0.1923439710578613,0.026088554933036596,Non-significant,0.031879093378794125
PL22_2,172.532813,155.424987,-0.1506522982519064,0.2559086205193717,Non-significant,0.27468598261198807
PL26,268.59769,104.741023,-1.358620212598237,3.2104840068844444e-4,RP_up,6.736753325921458e-4
PL27,2.840001,2.926032,0.04305396024656906,0.18501631052301487,Non-significant,0.20241100638415305
PL29,344.937443,166.460356,-1.0511560694982556,3.2104840068844444e-4,RP_up,6.736753325921458e-4
PL2_1,0,0,0,0.1814492077214203,Non-significant,0.20152276432400695
PL3,43.330813,15.247434,-1.5068262213054882,3.2104840068844444e-4,RP_up,6.736753325921458e-4
PL31,236.486119,108.595755,-1.1227877230889842,3.2104840068844444e-4,RP_up,6.736753325921458e-4
PL33,16.867801,6.976385,-1.2737191295366426,3.2104840068844444e-4,RP_up,6.736753325921458e-4
PL33_1,77.421554,20.919798,-1.887865841208985,3.2104840068844444e-4,RP_up,6.736753325921458e-4
PL33_2,29.51477,12.141593,-1.2814786815726642,0.017937519921985116,RP_up,0.02256513562667415
PL34,4.230481,3.828041,-0.14421506483705765,0.0522749721636293,Non-significant,0.0622436877855307
PL35,10.355155,7.506022,-0.46422819585314146,0.003881629352929658,Non-significant,0.005474915230578471
PL36_2,10.240031,3.341493,-1.6156524171907405,3.2104840068844444e-4,RP_up,6.736753325921458e-4
PL37,0.383723,0.205396,-0.9016245141157024,3.2104840068844444e-4,Non-significant,6.736753325921458e-4
PL38,187.804097,207.040394,0.14068372463260764,0.16981294543306552,Non-significant,0.18983455908674574
PL39,1.595048,2.241179,0.49065543211936946,0.023072674839545088,Non-significant,0.028397138264055495
PL3_1,65.094101,22.792007,-1.5139984272523068,3.2104840068844444e-4,RP_up,6.736753325921458e-4
PL3_2,1.144866,0.765903,-0.5799389194501275,0.20120398589876773,Non-significant,0.21965125965920912
PL3_4,600.888004,183.503625,-1.7112875029996366,3.2104840068844444e-4,RP_up,6.736753325921458e-4
PL3_5,43.310625,13.247814,-1.7089659130872616,3.2104840068844444e-4,RP_up,6.736753325921458e-4
PL4,1.969359,1.339772,-0.5557351793611311,0.006970044611030268,Non-significant,0.009221351009941854
PL40,17.217558,9.752005,-0.820109124754584,0.0010895144457840425,Non-significant,0.0017164042961274762
PL41,1.9329,1.104103,-0.80788663274769,4.600150848459634e-4,Non-significant,8.472220267666665e-4
PL42,525.735702,208.083788,-1.3371731000639124,3.2104840068844444e-4,RP_up,6.736753325921458e-4
PL4_1,128.833925,41.479284,-1.6350494069435526,3.2104840068844444e-4,RP_up,6.736753325921458e-4
PL4_2,0.020291,0.01647,-0.30083455186014274,0.7597658259780666,Non-significant,0.7764473111791818
PL5,10.026214,3.184962,-1.6544257769319435,3.2104840068844444e-4,RP_up,6.736753325921458e-4
PL5_1,1.880415,0.752522,-1.3212339300429246,0.020364300044313163,RP_up,0.025307091317204704
PL6,61.173887,19.562883,-1.6447964492167892,3.2104840068844444e-4,RP_up,6.736753325921458e-4
PL6_1,25.378855,10.562087,-1.2647312540702424,7.765925515945944e-4,RP_up,0.001282630278762685
PL6_2,884.415913,310.812617,-1.5086798841074232,3.2104840068844444e-4,RP_up,6.736753325921458e-4
PL7,1.650343,1.084967,-0.6051101808922811,0.003335878675561021,Non-significant,0.004731218509382944
PL7_1,0.452535,0.104736,-2.111166105604671,0.004507304559912841,RP_up,0.006305300367965504
PL7_2,2.190822,0.908914,-1.2692472849811478,0.024491416236653938,RP_up,0.030070995475220182
PL7_3,49.161527,12.520855,-1.9731957873914392,3.2104840068844444e-4,RP_up,6.736753325921458e-4
PL7_4,0.645779,0.292695,-1.1416154769811953,0.0010895144457840425,RP_up,0.0017164042961274762
PL7_5,2.047547,5.568262,1.4433260717010543,0.005223003841274113,RS_up,0.00716937792689637
PL8,149.391654,61.600344,-1.2780891016980749,3.2104840068844444e-4,RP_up,6.736753325921458e-4
PL8_2,1.196792,0.720895,-0.7313034307823555,0.09755309370326853,Non-significant,0.11198920174007508
PL8_3,5.545172,2.641988,-1.0696054378085769,5.489028928050743e-4,RP_up,9.591750208743961e-4
PL9,135.557055,74.790157,-0.8579797958272638,3.2104840068844444e-4,Non-significant,6.736753325921458e-4
PL9_1,425.432606,179.193824,-1.2474096468660216,3.2104840068844444e-4,RP_up,6.736753325921458e-4
PL9_2,155.809064,40.337019,-1.9496025233109282,3.2104840068844444e-4,RP_up,6.736753325921458e-4
PL9_3,200.48941,68.140504,-1.5569413712469367,3.2104840068844444e-4,RP_up,6.736753325921458e-4
PL9_4,9.024993,12.302701,0.4469769432191119,0.0522749721636293,Non-significant,0.0622436877855307
