MAG,KO
MAG_014,K06131
MAG_014,K08368
MAG_014,K01868
MAG_014,K00059
MAG_014,K03546
MAG_014,K03147
MAG_014,K02476
MAG_014,K00865
MAG_014,K16323
MAG_014,K03797
MAG_014,K01652
MAG_014,K00344
MAG_014,K03215
MAG_014,K03070
MAG_014,K03312
MAG_014,K07651
MAG_014,K00375
MAG_014,K01835
MAG_014,K11632
MAG_014,K01649
MAG_014,K05565
MAG_014,K01681
MAG_014,K06295
MAG_014,K00652
MAG_014,K02428
MAG_014,K01887
MAG_014,K09014
MAG_014,K02035
MAG_014,K01433
MAG_014,K07240
MAG_014,K06297
MAG_014,K02018
MAG_014,K00851
MAG_014,K00276
MAG_014,K08602
MAG_014,K13281
MAG_014,K13531
MAG_014,K01890
MAG_014,K11942
MAG_014,K00833
MAG_014,K01999
MAG_014,K20480
MAG_014,K03100
MAG_014,K06201
MAG_014,K06147
MAG_014,K01436
MAG_014,K21465
MAG_014,K11072
MAG_014,K00104
MAG_014,K03315
MAG_014,K03293
MAG_014,K23786
MAG_014,K00666
MAG_014,K18979
MAG_014,K03327
MAG_014,K16301
MAG_014,K01400
MAG_014,K13021
MAG_014,K00090
MAG_014,K03307
MAG_014,K03466
MAG_014,K08965
MAG_014,K01744
MAG_014,K17763
MAG_014,K07002
MAG_014,K18118
MAG_014,K03798
MAG_014,K01893
MAG_014,K00012
MAG_014,K08693
MAG_014,K00800
MAG_014,K02083
MAG_014,K14393
MAG_014,K07552
MAG_014,K01990
MAG_014,K19220
MAG_014,K00130
MAG_014,K01466
MAG_014,K00681
MAG_014,K05366
MAG_014,K06296
MAG_014,K06409
MAG_014,K03569
MAG_014,K07112
MAG_014,K07478
MAG_014,K01255
MAG_014,K01810
MAG_014,K03657
MAG_014,K01745
MAG_014,K03449
MAG_014,K03457
MAG_014,K02802
MAG_014,K02803
MAG_014,K02804
MAG_014,K10039
MAG_014,K06994
MAG_014,K01714
MAG_014,K06415
MAG_014,K01869
MAG_014,K16703
MAG_014,K08282
MAG_014,K01662
MAG_014,K07462
MAG_014,K00525
MAG_014,K03332
MAG_014,K01955
MAG_014,K11069
MAG_014,K06948
MAG_014,K03701
MAG_014,K21900
MAG_014,K01308
MAG_014,K00615
MAG_014,K09136
MAG_014,K03723
MAG_014,K02274
MAG_014,K12573
MAG_014,K01804
MAG_014,K01992
MAG_014,K01755
MAG_014,K21467
MAG_014,K00260
MAG_014,K00963
MAG_014,K06298
MAG_014,K01265
MAG_014,K04042
MAG_014,K03296
MAG_014,K05820
MAG_014,K11733
MAG_014,K03693
MAG_014,K12132
MAG_014,K02232
MAG_014,K03446
MAG_014,K02051
MAG_014,K15268
MAG_014,K04773
MAG_014,K01207
MAG_014,K00472
MAG_014,K18907
MAG_014,K13533
MAG_014,K06342
MAG_014,K00483
MAG_014,K01872
MAG_014,K07497
MAG_014,K00936
MAG_014,K11085
MAG_014,K00341
MAG_014,K02469
MAG_014,K01585
MAG_014,K03321
MAG_014,K11068
MAG_014,K01226
MAG_014,K16901
MAG_014,K19225
MAG_014,K18890
MAG_014,K06595
MAG_014,K00265
MAG_014,K01915
MAG_014,K03328
MAG_014,K02011
MAG_014,K21405
MAG_014,K15587
MAG_014,K02790
MAG_014,K02791
MAG_014,K02433
MAG_014,K01874
MAG_014,K18115
MAG_014,K01676
MAG_014,K00899
MAG_014,K03695
MAG_014,K15975
MAG_014,K01966
MAG_014,K07259
MAG_014,K03088
MAG_014,K19005
MAG_014,K01708
MAG_014,K21613
MAG_014,K12574
MAG_014,K00925
MAG_014,K06877
MAG_014,K03531
MAG_014,K00239
MAG_014,K00627
MAG_014,K15584
MAG_014,K03852
MAG_014,K06213
MAG_014,K08301
MAG_014,K00570
MAG_014,K01897
MAG_014,K01753
MAG_014,K02529
MAG_014,K23269
MAG_014,K07032
MAG_014,K03303
MAG_014,K00219
MAG_014,K07124
MAG_014,K03722
MAG_014,K06382
MAG_014,K00548
MAG_014,K19540
MAG_014,K09809
MAG_014,K08177
MAG_014,K02015
MAG_014,K17686
MAG_014,K17838
MAG_014,K01928
MAG_014,K01912
MAG_014,K00058
MAG_014,K15580
MAG_014,K07486
MAG_014,K06207
MAG_014,K06881
MAG_014,K16167
MAG_014,K08679
MAG_014,K03430
MAG_014,K00626
MAG_014,K07683
MAG_014,K02004
MAG_014,K17836
MAG_014,K05592
MAG_014,K07456
MAG_014,K07098
MAG_014,K00036
MAG_014,K00003
MAG_014,K01286
MAG_014,K02526
MAG_014,K03518
MAG_014,K02761
MAG_014,K16898
MAG_014,K02424
MAG_014,K03652
MAG_014,K00491
MAG_014,K00700
MAG_014,K10441
MAG_014,K03306
MAG_014,K01212
MAG_014,K00658
MAG_014,K11691
MAG_014,K02172
MAG_014,K00294
MAG_014,K03483
MAG_014,K22278
MAG_014,K20116
MAG_014,K20117
MAG_014,K20118
MAG_014,K21479
MAG_014,K21672
MAG_014,K01462
MAG_014,K03406
MAG_014,K06158
MAG_014,K23356
MAG_014,K01929
MAG_014,K12555
MAG_014,K01971
MAG_014,K00140
MAG_014,K02837
MAG_014,K02205
MAG_014,K05823
MAG_014,K01534
MAG_014,K01421
MAG_014,K02343
MAG_014,K05995
MAG_014,K01895
MAG_014,K01779
MAG_014,K17675
MAG_014,K04564
MAG_014,K07273
MAG_014,K06714
MAG_014,K03593
MAG_014,K01873
MAG_014,K06959
MAG_014,K10206
MAG_014,K01686
MAG_014,K00962
MAG_014,K13641
MAG_014,K03316
MAG_014,K04066
MAG_014,K23398
MAG_014,K00362
MAG_014,K03697
MAG_014,K05548
MAG_014,K15736
MAG_014,K01784
MAG_014,K23138
MAG_014,K00381
MAG_014,K00605
MAG_014,K03784
MAG_014,K01193
MAG_014,K03475
MAG_014,K19169
MAG_014,K05916
MAG_014,K11637
MAG_014,K01449
MAG_014,K18104
MAG_014,K22958
MAG_014,K00549
MAG_014,K07217
MAG_014,K14052
MAG_014,K10716
MAG_014,K01685
MAG_014,K07180
MAG_014,K14155
MAG_014,K13275
MAG_014,K02551
MAG_014,K00033
MAG_014,K02335
MAG_014,K02045
MAG_014,K23163
MAG_014,K03802
MAG_014,K06180
MAG_014,K02483
MAG_014,K02549
MAG_014,K02796
MAG_014,K02337
MAG_014,K00111
MAG_014,K06151
MAG_014,K10117
MAG_014,K03781
MAG_014,K06318
MAG_014,K13653
MAG_014,K01356
MAG_014,K07090
MAG_014,K03977
MAG_014,K11753
MAG_014,K22927
MAG_014,K02482
MAG_014,K01361
MAG_014,K00123
MAG_014,K01434
MAG_014,K08483
MAG_014,K07258
MAG_014,K07004
MAG_014,K06310
MAG_014,K06956
MAG_014,K07777
MAG_014,K03885
MAG_014,K00174
MAG_014,K12960
MAG_014,K06398
MAG_014,K21468
MAG_014,K10010
MAG_014,K01847
MAG_014,K03311
MAG_014,K01638
MAG_014,K01886
MAG_014,K07315
MAG_014,K00355
MAG_014,K03547
MAG_014,K18926
MAG_014,K22187
MAG_014,K10036
MAG_014,K01567
MAG_014,K00372
MAG_014,K01077
MAG_014,K00128
MAG_014,K00102
MAG_014,K02073
MAG_014,K11102
MAG_014,K03555
MAG_014,K02240
MAG_014,K02250
MAG_014,K21959
MAG_014,K06330
MAG_014,K01761
MAG_014,K21029
MAG_014,K22303
MAG_014,K01042
MAG_014,K14647
MAG_014,K16169
MAG_014,K09681
MAG_014,K06200
MAG_014,K14338
MAG_014,K03809
MAG_014,K07697
MAG_014,K00820
MAG_014,K02071
MAG_014,K06885
MAG_014,K05946
MAG_014,K01791
MAG_014,K21193
MAG_014,K15738
MAG_014,K02621
MAG_014,K21464
MAG_014,K03763
MAG_014,K07516
MAG_014,K05847
MAG_014,K00382
MAG_014,K04103
MAG_014,K16173
MAG_014,K06132
MAG_014,K08194
MAG_014,K07397
MAG_014,K18770
MAG_014,K03169
MAG_014,K03529
MAG_014,K02862
MAG_014,K07037
MAG_061,K01953
MAG_061,K18337
MAG_061,K14980
MAG_061,K02014
MAG_061,K03406
MAG_061,K02481
MAG_061,K01190
MAG_061,K03724
MAG_061,K08602
MAG_061,K02343
MAG_061,K17836
MAG_061,K12993
MAG_061,K23256
MAG_061,K00728
MAG_061,K01858
MAG_061,K00099
MAG_061,K03168
MAG_061,K03924
MAG_061,K09800
MAG_061,K00982
MAG_061,K01687
MAG_061,K00117
MAG_061,K04761
MAG_061,K03387
MAG_061,K12251
MAG_061,K03568
MAG_061,K14266
MAG_061,K00548
MAG_061,K07407
MAG_061,K01284
MAG_061,K00335
MAG_061,K07263
MAG_061,K09125
MAG_061,K16087
MAG_061,K06287
MAG_061,K01756
MAG_061,K01733
MAG_061,K07259
MAG_061,K01872
MAG_061,K02400
MAG_061,K01484
MAG_061,K06207
MAG_061,K03782
MAG_061,K05973
MAG_061,K07004
MAG_061,K07093
MAG_061,K06996
MAG_061,K02067
MAG_061,K15987
MAG_061,K03342
MAG_061,K01940
MAG_061,K00666
MAG_061,K00147
MAG_061,K00955
MAG_061,K01712
MAG_061,K03526
MAG_061,K04077
MAG_061,K01649
MAG_061,K01890
MAG_061,K00164
MAG_061,K06911
MAG_061,K05366
MAG_061,K03694
MAG_061,K11177
MAG_061,K00263
MAG_061,K01810
MAG_061,K00336
MAG_061,K00962
MAG_061,K01897
MAG_061,K07258
MAG_061,K02275
MAG_061,K03648
MAG_061,K00058
MAG_061,K01874
MAG_061,K03466
MAG_061,K07165
MAG_061,K03199
MAG_061,K14162
MAG_061,K02469
MAG_061,K01690
MAG_061,K06889
MAG_061,K02335
MAG_061,K15371
MAG_061,K03699
MAG_061,K02005
MAG_061,K06894
MAG_061,K08484
MAG_061,K01955
MAG_061,K03667
MAG_061,K00265
MAG_061,K01465
MAG_061,K03977
MAG_061,K01256
MAG_061,K00626
MAG_061,K01354
MAG_061,K03657
MAG_061,K03701
MAG_061,K00820
MAG_061,K11209
MAG_061,K06907
MAG_061,K01006
MAG_061,K01610
MAG_061,K01338
MAG_061,K01652
MAG_061,K03579
MAG_061,K01990
MAG_061,K06915
MAG_061,K00873
MAG_061,K03820
MAG_061,K20035
MAG_061,K00937
MAG_061,K03296
MAG_061,K00059
MAG_061,K23269
MAG_061,K02035
MAG_061,K02622
MAG_061,K07277
MAG_061,K16088
MAG_061,K09704
MAG_061,K05349
MAG_061,K03545
MAG_061,K03446
MAG_061,K17675
MAG_061,K03572
MAG_061,K00118
MAG_061,K01576
MAG_061,K18138
MAG_061,K02864
MAG_061,K06147
MAG_061,K01941
MAG_061,K04744
MAG_061,K17760
MAG_061,K01873
MAG_061,K00990
MAG_061,K16090
MAG_061,K01113
MAG_061,K03320
MAG_061,K07303
MAG_061,K11103
MAG_061,K01971
MAG_061,K01703
MAG_061,K10747
MAG_061,K18197
MAG_061,K01507
MAG_061,K00833
MAG_061,K00381
MAG_061,K08369
MAG_061,K01869
MAG_061,K01992
MAG_061,K04084
MAG_061,K03722
MAG_061,K03555
MAG_061,K00615
MAG_061,K01322
MAG_061,K01889
MAG_061,K09955
MAG_061,K00652
MAG_061,K03407
MAG_061,K02004
MAG_061,K13525
MAG_061,K11206
MAG_061,K02283
MAG_061,K00239
MAG_061,K06978
MAG_061,K03549
MAG_061,K00800
MAG_061,K07823
MAG_061,K01681
MAG_061,K18334
MAG_061,K09760
MAG_061,K01895
MAG_061,K01811
MAG_061,K12574
MAG_061,K13821
MAG_061,K06861
MAG_061,K03106
MAG_061,K03723
MAG_061,K00549
MAG_061,K01870
MAG_061,K21023
MAG_061,K10680
MAG_061,K02230
MAG_061,K01887
MAG_061,K02472
MAG_061,K16898
MAG_061,K12573
MAG_061,K06020
MAG_061,K12661
MAG_061,K04759
MAG_061,K01053
MAG_061,K01224
MAG_061,K02863
MAG_061,K03821
MAG_061,K00789
MAG_061,K01198
MAG_067,K06131
MAG_067,K06382
MAG_067,K01890
MAG_067,K05592
MAG_067,K19578
MAG_067,K00873
MAG_067,K21465
MAG_067,K01187
MAG_067,K03657
MAG_067,K18707
MAG_067,K01255
MAG_067,K07462
MAG_067,K02335
MAG_067,K06295
MAG_067,K06207
MAG_067,K00380
MAG_067,K03321
MAG_067,K03693
MAG_067,K00239
MAG_067,K03781
MAG_067,K05020
MAG_067,K03548
MAG_067,K03070
MAG_067,K01953
MAG_067,K03469
MAG_067,K00123
MAG_067,K23262
MAG_067,K00937
MAG_067,K01992
MAG_067,K00548
MAG_067,K01847
MAG_067,K01338
MAG_067,K04720
MAG_067,K08301
MAG_067,K02551
MAG_067,K02015
MAG_067,K01866
MAG_067,K03169
MAG_067,K00925
MAG_067,K00042
MAG_067,K02798
MAG_067,K02799
MAG_067,K02800
MAG_067,K16210
MAG_067,K02827
MAG_067,K00128
MAG_067,K23269
MAG_067,K03336
MAG_067,K03572
MAG_067,K01870
MAG_067,K03547
MAG_067,K02274
MAG_067,K21464
MAG_067,K15633
MAG_067,K21467
MAG_067,K11636
MAG_067,K03723
MAG_067,K01728
MAG_067,K00265
MAG_067,K01883
MAG_067,K16899
MAG_067,K01662
MAG_067,K01207
MAG_067,K07749
MAG_067,K15551
MAG_067,K16898
MAG_067,K02011
MAG_067,K06959
MAG_067,K07516
MAG_067,K03303
MAG_067,K08724
MAG_067,K14647
MAG_067,K03307
MAG_067,K03320
MAG_067,K03091
MAG_067,K01868
MAG_067,K01299
MAG_067,K03449
MAG_067,K05813
MAG_067,K02469
MAG_067,K01903
MAG_067,K03529
MAG_067,K00088
MAG_067,K11735
MAG_067,K18115
MAG_067,K01835
MAG_067,K01534
MAG_067,K08483
MAG_067,K00882
MAG_067,K08693
MAG_067,K00681
MAG_067,K00525
MAG_067,K06941
MAG_067,K13533
MAG_067,K08602
MAG_067,K10441
MAG_067,K18692
MAG_067,K02529
MAG_067,K02749
MAG_067,K02750
MAG_067,K02303
MAG_067,K12573
MAG_067,K00851
MAG_067,K01807
MAG_067,K07090
MAG_067,K03168
MAG_067,K02621
MAG_067,K06948
MAG_067,K03695
MAG_067,K02809
MAG_067,K02810
MAG_067,K03466
MAG_067,K01776
MAG_067,K01066
MAG_067,K01955
MAG_067,K06168
MAG_067,K00763
MAG_067,K11942
MAG_067,K03319
MAG_067,K00058
MAG_067,K18672
MAG_067,K02400
MAG_067,K03475
MAG_067,K01990
MAG_067,K03093
MAG_067,K02409
MAG_067,K01869
MAG_067,K20487
MAG_067,K01958
MAG_067,K17734
MAG_067,K02337
MAG_067,K04091
MAG_067,K00003
MAG_067,K01719
MAG_067,K07240
MAG_067,K03735
MAG_067,K07566
MAG_067,K20447
MAG_067,K01556
MAG_067,K07025
MAG_067,K03339
MAG_067,K05565
MAG_067,K03784
MAG_067,K04564
MAG_067,K01872
MAG_067,K19449
MAG_067,K00013
MAG_067,K06994
MAG_067,K00294
MAG_067,K11749
MAG_067,K03300
MAG_067,K03455
MAG_067,K06609
MAG_067,K04042
MAG_067,K23059
MAG_067,K00549
MAG_067,K01258
MAG_067,K01119
MAG_067,K01466
MAG_067,K22397
MAG_067,K06298
MAG_067,K03596
MAG_067,K01652
MAG_067,K21405
MAG_067,K00958
MAG_067,K01612
MAG_067,K00375
MAG_067,K14166
MAG_067,K15580
MAG_067,K03446
MAG_067,K03697
MAG_067,K01951
MAG_067,K03491
MAG_067,K00965
MAG_067,K04780
MAG_067,K02808
MAG_067,K01610
MAG_067,K01681
MAG_067,K03696
MAG_067,K21471
MAG_067,K02837
MAG_067,K00824
MAG_067,K00820
MAG_067,K06286
MAG_067,K01897
MAG_067,K00059
MAG_067,K03763
MAG_067,K03654
MAG_067,K01638
MAG_067,K02434
MAG_067,K03311
MAG_067,K22349
MAG_067,K00362
MAG_067,K07037
MAG_067,K03761
MAG_067,K21113
MAG_067,K01077
MAG_067,K19955
MAG_067,K03546
MAG_067,K07259
MAG_067,K15738
MAG_067,K04023
MAG_067,K01465
MAG_067,K02004
MAG_067,K03798
MAG_067,K03722
MAG_067,K03701
MAG_067,K09684
MAG_067,K22136
MAG_067,K18231
MAG_067,K00164
MAG_067,K07718
MAG_067,K10117
MAG_067,K01421
MAG_067,K06394
MAG_067,K14338
MAG_067,K02495
MAG_067,K00789
MAG_067,K16918
MAG_067,K18890
MAG_067,K03628
MAG_067,K01873
MAG_067,K00483
MAG_067,K00675
MAG_067,K03215
MAG_067,K03305
MAG_067,K00135
MAG_067,K09698
MAG_067,K01756
MAG_067,K06147
MAG_067,K07180
MAG_067,K01222
MAG_081,K01005
MAG_081,K20107
MAG_081,K20108
MAG_081,K03657
MAG_081,K00632
MAG_081,K04066
MAG_081,K17722
MAG_081,K01955
MAG_081,K00823
MAG_081,K01843
MAG_081,K02238
MAG_081,K07058
MAG_081,K01812
MAG_081,K06331
MAG_081,K03332
MAG_081,K10041
MAG_081,K01681
MAG_081,K01868
MAG_081,K03797
MAG_081,K01208
MAG_081,K07240
MAG_081,K20459
MAG_081,K10117
MAG_081,K00012
MAG_081,K06885
MAG_081,K09776
MAG_081,K01915
MAG_081,K07180
MAG_081,K01895
MAG_081,K03308
MAG_081,K01887
MAG_081,K00164
MAG_081,K00692
MAG_081,K03147
MAG_081,K00666
MAG_081,K00820
MAG_081,K00626
MAG_081,K06877
MAG_081,K01886
MAG_081,K03699
MAG_081,K05592
MAG_081,K00836
MAG_081,K16169
MAG_081,K02335
MAG_081,K10118
MAG_081,K01081
MAG_081,K01222
MAG_081,K05795
MAG_081,K00294
MAG_081,K06959
MAG_081,K13276
MAG_081,K03588
MAG_081,K05847
MAG_081,K06182
MAG_081,K01876
MAG_081,K01791
MAG_081,K02027
MAG_081,K01176
MAG_081,K01971
MAG_081,K04079
MAG_081,K00700
MAG_081,K12555
MAG_081,K13533
MAG_081,K04091
MAG_081,K11942
MAG_081,K01669
MAG_081,K00341
MAG_081,K07120
MAG_081,K00681
MAG_081,K01042
MAG_081,K01928
MAG_081,K00928
MAG_081,K02827
MAG_081,K02111
MAG_081,K03091
MAG_081,K01595
MAG_081,K01958
MAG_081,K01847
MAG_081,K07192
MAG_081,K07568
MAG_081,K06200
MAG_081,K06398
MAG_081,K02491
MAG_081,K07182
MAG_081,K01687
MAG_081,K00688
MAG_081,K07516
MAG_081,K01151
MAG_081,K03296
MAG_081,K22927
MAG_081,K01269
MAG_081,K03596
MAG_081,K09471
MAG_081,K07680
MAG_081,K00549
MAG_081,K01811
MAG_081,K07004
MAG_081,K21465
MAG_081,K18640
MAG_081,K18929
MAG_081,K01652
MAG_081,K00104
MAG_081,K06158
MAG_081,K01436
MAG_081,K02529
MAG_081,K21064
MAG_081,K02769
MAG_081,K02770
MAG_081,K14393
MAG_081,K01342
MAG_081,K09786
MAG_081,K17228
MAG_081,K05568
MAG_081,K05565
MAG_081,K02400
MAG_081,K03697
MAG_081,K02469
MAG_081,K01873
MAG_081,K07088
MAG_081,K03455
MAG_081,K01897
MAG_081,K19005
MAG_081,K01534
MAG_081,K00937
MAG_081,K00525
MAG_081,K06147
MAG_081,K01992
MAG_081,K02011
MAG_081,K23262
MAG_081,K02013
MAG_081,K17217
MAG_081,K02343
MAG_081,K00147
MAG_081,K03043
MAG_081,K07404
MAG_081,K06415
MAG_081,K00381
MAG_081,K01212
MAG_081,K02799
MAG_081,K02800
MAG_081,K03070
MAG_081,K13274
MAG_081,K07778
MAG_081,K01953
MAG_081,K04486
MAG_081,K09014
MAG_081,K00123
MAG_081,K10742
MAG_081,K02396
MAG_081,K11535
MAG_081,K18907
MAG_081,K03294
MAG_081,K16899
MAG_081,K01361
MAG_081,K01754
MAG_081,K07456
MAG_081,K01191
MAG_081,K01604
MAG_081,K07335
MAG_081,K02182
MAG_081,K00121
MAG_081,K06338
MAG_081,K15977
MAG_081,K04844
MAG_081,K01547
MAG_081,K11632
MAG_081,K19302
MAG_081,K05366
MAG_081,K23269
MAG_081,K00128
MAG_081,K22230
MAG_081,K00088
MAG_081,K03470
MAG_081,K16149
MAG_081,K02526
MAG_081,K00548
MAG_081,K00382
MAG_081,K06207
MAG_081,K12574
MAG_081,K03701
MAG_081,K20480
MAG_081,K07175
MAG_081,K17838
MAG_081,K00362
MAG_081,K07734
MAG_081,K03169
MAG_081,K06307
MAG_081,K03723
MAG_081,K03763
MAG_081,K02035
MAG_081,K01755
MAG_081,K06308
MAG_081,K07407
MAG_081,K01138
MAG_081,K02313
MAG_081,K00003
MAG_081,K01951
MAG_081,K03555
MAG_081,K03654
MAG_081,K00868
MAG_081,K01872
MAG_081,K04771
MAG_081,K02470
MAG_081,K00763
MAG_081,K11085
MAG_081,K00302
MAG_081,K08602
MAG_081,K03475
MAG_081,K08384
MAG_081,K16199
MAG_081,K01938
MAG_081,K01468
MAG_081,K01638
MAG_081,K02274
MAG_081,K05832
MAG_081,K01869
MAG_081,K06994
MAG_081,K03824
MAG_081,K07718
MAG_081,K01439
MAG_081,K01207
MAG_081,K01890
MAG_081,K00265
MAG_081,K03168
MAG_081,K18890
MAG_108,K01226
MAG_108,K07652
MAG_108,K01887
MAG_108,K01755
MAG_108,K09607
MAG_108,K02337
MAG_108,K01638
MAG_108,K00615
MAG_108,K02529
MAG_108,K07180
MAG_108,K01200
MAG_108,K08602
MAG_108,K00297
MAG_108,K00547
MAG_108,K03569
MAG_108,K00033
MAG_108,K03546
MAG_108,K09458
MAG_108,K00036
MAG_108,K02313
MAG_108,K19267
MAG_108,K03495
MAG_108,K04043
MAG_108,K02240
MAG_108,K03611
MAG_108,K00965
MAG_108,K12573
MAG_108,K06398
MAG_108,K01886
MAG_108,K18692
MAG_108,K01869
MAG_108,K19689
MAG_108,K01955
MAG_108,K01872
MAG_108,K01686
MAG_108,K03092
MAG_108,K00278
MAG_108,K01714
MAG_108,K05565
MAG_108,K00951
MAG_108,K11942
MAG_108,K01870
MAG_108,K01890
MAG_108,K02071
MAG_108,K06207
MAG_108,K01958
MAG_108,K00831
MAG_108,K11625
MAG_108,K01876
MAG_108,K06415
MAG_108,K01752
MAG_108,K06714
MAG_108,K00003
MAG_108,K03701
MAG_108,K00174
MAG_108,K01657
MAG_108,K02056
MAG_108,K03169
MAG_108,K00962
MAG_108,K02015
MAG_108,K00525
MAG_108,K03529
MAG_108,K20107
MAG_108,K20108
MAG_108,K00688
MAG_108,K00600
MAG_108,K11626
MAG_108,K03407
MAG_108,K00088
MAG_108,K05349
MAG_108,K07456
MAG_108,K01873
MAG_108,K00012
MAG_108,K11636
MAG_108,K07516
MAG_108,K03596
MAG_108,K06969
MAG_108,K02250
MAG_108,K01537
MAG_108,K01847
MAG_108,K07749
MAG_108,K01951
MAG_108,K02600
MAG_108,K01739
MAG_108,K01662
MAG_108,K03070
MAG_108,K06877
MAG_108,K01868
MAG_108,K23269
MAG_108,K22927
MAG_108,K01610
MAG_108,K01879
MAG_108,K03327
MAG_108,K01938
MAG_108,K01775
MAG_108,K00790
MAG_108,K01223
MAG_108,K00382
MAG_108,K04486
MAG_108,K01190
MAG_108,K00854
MAG_108,K10441
MAG_108,K03305
MAG_108,K06213
MAG_108,K09136
MAG_108,K00384
MAG_108,K01895
MAG_108,K03703
MAG_108,K02343
MAG_108,K21464
MAG_108,K20116
MAG_108,K20117
MAG_108,K20118
MAG_108,K03763
MAG_108,K00219
MAG_108,K21064
MAG_108,K03296
MAG_108,K06168
MAG_108,K02073
MAG_108,K01866
MAG_108,K02837
MAG_111,K08602
MAG_111,K02476
MAG_111,K01992
MAG_111,K22136
MAG_111,K13281
MAG_111,K02622
MAG_111,K03664
MAG_111,K01869
MAG_111,K06383
MAG_111,K07258
MAG_111,K07478
MAG_111,K01823
MAG_111,K01439
MAG_111,K01834
MAG_111,K19689
MAG_111,K22187
MAG_111,K18682
MAG_111,K02027
MAG_111,K02316
MAG_111,K02257
MAG_111,K00005
MAG_111,K03321
MAG_111,K03657
MAG_111,K01126
MAG_111,K00873
MAG_111,K01191
MAG_111,K01610
MAG_111,K21023
MAG_111,K06158
MAG_111,K02071
MAG_111,K03611
MAG_111,K02404
MAG_111,K02761
MAG_111,K01338
MAG_111,K11752
MAG_111,K18889
MAG_111,K05592
MAG_111,K01657
MAG_111,K02343
MAG_111,K18926
MAG_111,K19426
MAG_111,K11632
MAG_111,K01744
MAG_111,K01953
MAG_111,K01269
MAG_111,K08177
MAG_111,K01756
MAG_111,K00088
MAG_111,K01118
MAG_111,K02424
MAG_111,K09812
MAG_111,K01879
MAG_111,K03722
MAG_111,K08222
MAG_111,K03293
MAG_111,K14647
MAG_111,K03798
MAG_111,K00001
MAG_111,K01629
MAG_111,K12308
MAG_111,K01190
MAG_111,K06187
MAG_111,K00928
MAG_111,K03596
MAG_111,K03723
MAG_111,K01436
MAG_111,K02244
MAG_111,K11636
MAG_111,K03667
MAG_111,K09015
MAG_111,K21464
MAG_111,K01209
MAG_111,K14597
MAG_111,K00941
MAG_111,K00925
MAG_111,K03406
MAG_111,K00845
MAG_111,K10112
MAG_111,K21469
MAG_111,K00790
MAG_111,K02015
MAG_111,K05989
MAG_111,K13457
MAG_111,K11614
MAG_111,K02111
MAG_111,K01586
MAG_111,K06399
MAG_111,K01409
MAG_111,K03740
MAG_111,K02837
MAG_111,K00793
MAG_111,K03100
MAG_111,K01813
MAG_111,K18115
MAG_111,K03529
MAG_111,K00147
MAG_111,K00560
MAG_111,K20117
MAG_111,K20118
MAG_111,K07180
MAG_111,K02519
MAG_111,K01232
MAG_111,K03491
MAG_111,K17763
MAG_111,K03800
MAG_111,K05837
MAG_111,K02470
MAG_111,K03790
MAG_111,K06886
MAG_111,K06361
MAG_111,K21567
MAG_111,K10979
MAG_111,K07304
MAG_111,K02492
MAG_111,K16899
MAG_111,K03466
MAG_111,K03327
MAG_111,K10026
MAG_111,K17758
MAG_111,K17759
MAG_111,K09955
MAG_111,K02347
MAG_111,K03367
MAG_111,K05845
MAG_111,K04567
MAG_111,K21395
MAG_111,K00965
MAG_111,K10947
MAG_111,K01119
MAG_111,K02469
MAG_111,K02768
MAG_111,K02769
MAG_111,K02770
MAG_111,K02502
MAG_111,K01890
MAG_111,K00266
MAG_111,K03569
MAG_111,K02755
MAG_111,K02756
MAG_111,K02757
MAG_111,K02025
MAG_111,K08600
MAG_111,K16199
MAG_111,K06382
MAG_111,K01537
MAG_111,K02775
MAG_111,K15633
MAG_111,K16200
MAG_111,K03763
MAG_111,K06438
MAG_111,K00951
MAG_111,K03296
MAG_111,K01955
MAG_111,K02002
MAG_111,K18979
MAG_111,K07090
MAG_111,K06180
MAG_111,K03168
MAG_111,K01845
MAG_111,K02000
MAG_111,K01829
MAG_111,K03547
MAG_111,K00841
MAG_111,K01011
MAG_111,K07124
MAG_111,K07217
MAG_111,K10188
MAG_111,K03696
MAG_111,K09607
MAG_111,K09962
MAG_111,K03306
MAG_111,K02827
MAG_111,K17732
MAG_111,K01925
MAG_111,K15738
MAG_111,K05813
MAG_111,K02103
MAG_111,K02421
MAG_111,K00763
MAG_111,K05349
MAG_111,K07177
MAG_111,K01708
MAG_111,K00161
MAG_111,K08981
MAG_111,K01687
MAG_111,K01356
MAG_111,K02621
MAG_111,K21417
MAG_111,K03601
MAG_111,K06942
MAG_111,K01696
MAG_111,K00661
MAG_111,K15667
MAG_111,K01081
MAG_111,K01534
MAG_111,K09698
MAG_111,K05340
MAG_111,K02499
MAG_111,K05565
MAG_111,K07444
MAG_111,K01256
MAG_111,K01449
MAG_111,K02341
MAG_111,K10823
MAG_111,K20116
MAG_111,K02412
MAG_111,K06881
MAG_111,K00821
MAG_111,K12962
MAG_111,K03169
MAG_111,K17217
MAG_111,K06147
MAG_111,K09793
MAG_111,K07456
MAG_111,K03407
MAG_111,K01620
MAG_111,K01736
MAG_111,K03346
MAG_111,K03545
MAG_111,K17734
MAG_111,K03654
MAG_111,K00491
MAG_111,K01669
MAG_111,K03979
MAG_111,K11936
MAG_111,K01585
MAG_111,K12573
MAG_111,K00435
MAG_111,K16132
MAG_111,K07030
MAG_111,K01924
MAG_111,K09773
MAG_111,K01421
MAG_111,K00286
MAG_111,K00794
MAG_111,K06959
MAG_111,K02238
MAG_111,K03091
MAG_111,K07777
MAG_111,K10036
MAG_111,K05823
MAG_111,K00962
MAG_111,K02055
MAG_111,K00058
MAG_111,K01939
MAG_111,K00566
MAG_111,K03328
MAG_111,K03693
MAG_111,K08301
MAG_111,K03588
MAG_111,K07146
MAG_111,K06949
MAG_111,K20201
MAG_111,K01921
MAG_111,K11069
MAG_111,K07770
MAG_111,K19955
MAG_111,K03581
MAG_111,K02799
MAG_111,K02800
MAG_111,K02013
MAG_111,K12941
MAG_111,K01223
MAG_111,K01755
MAG_111,K02478
MAG_111,K01005
MAG_111,K01915
MAG_111,K11707
MAG_111,K14445
MAG_111,K06415
MAG_111,K07406
MAG_111,K03977
MAG_111,K03710
MAG_111,K02501
MAG_111,K02035
MAG_111,K18929
MAG_111,K01222
MAG_111,K00102
MAG_111,K01929
MAG_111,K01247
MAG_111,K00239
MAG_111,K01895
MAG_111,K01567
MAG_111,K02004
MAG_111,K00111
MAG_111,K02500
MAG_111,K06286
MAG_111,K07720
MAG_111,K01179
MAG_111,K07097
MAG_111,K01835
MAG_111,K00164
MAG_111,K00826
MAG_111,K18567
MAG_111,K02687
MAG_111,K04486
MAG_111,K11622
MAG_111,K03762
MAG_111,K08884
MAG_111,K23269
MAG_111,K01182
MAG_111,K02846
MAG_111,K01778
MAG_111,K23535
MAG_111,K02346
MAG_111,K11617
MAG_111,K00003
MAG_111,K02016
MAG_111,K01308
MAG_111,K10562
MAG_111,K11754
MAG_111,K02433
MAG_111,K03893
MAG_111,K00615
MAG_111,K19286
MAG_111,K21743
MAG_111,K01077
MAG_111,K03455
MAG_111,K16188
MAG_111,K00265
MAG_111,K19225
MAG_111,K00034
MAG_111,K03307
MAG_111,K03093
MAG_111,K07775
MAG_111,K05916
MAG_111,K01791
MAG_111,K03590
MAG_111,K07718
MAG_111,K18198
MAG_111,K03284
MAG_111,K07245
MAG_111,K03498
MAG_111,K00605
MAG_111,K02051
MAG_111,K09458
MAG_111,K05799
MAG_111,K06902
MAG_111,K01408
MAG_111,K01998
MAG_111,K09014
MAG_111,K03574
MAG_111,K02551
MAG_111,K08969
MAG_111,K00805
MAG_111,K21064
MAG_111,K15986
MAG_111,K17686
MAG_111,K01226
MAG_111,K10027
MAG_111,K07651
MAG_111,K01207
MAG_111,K03320
MAG_111,K01465
MAG_111,K07568
MAG_111,K00283
MAG_111,K00820
MAG_111,K13010
MAG_111,K13853
MAG_111,K04773
MAG_111,K03700
MAG_111,K01739
MAG_111,K05896
MAG_111,K02529
MAG_111,K00850
MAG_111,K06973
MAG_111,K11105
MAG_111,K06994
MAG_111,K04763
MAG_111,K01972
MAG_111,K18934
MAG_111,K00974
MAG_111,K01784
MAG_111,K18104
MAG_111,K03324
MAG_111,K00433
MAG_111,K01990
MAG_111,K06714
MAG_111,K09786
MAG_111,K18672
MAG_111,K06386
MAG_111,K01754
MAG_111,K00625
MAG_111,K08693
MAG_111,K12574
MAG_111,K03742
MAG_111,K20989
MAG_111,K13292
MAG_111,K06394
MAG_111,K19745
MAG_111,K01647
MAG_111,K00131
MAG_111,K06173
MAG_111,K00128
MAG_111,K01951
MAG_111,K16013
MAG_111,K06978
MAG_111,K03088
MAG_111,K01874
MAG_111,K02313
MAG_111,K07037
MAG_111,K01903
MAG_111,K01681
MAG_111,K16898
MAG_111,K11629
MAG_111,K19005
MAG_111,K02250
MAG_111,K00526
MAG_111,K01468
MAG_111,K07120
MAG_111,K01810
MAG_111,K04043
MAG_111,K01870
MAG_111,K01138
MAG_111,K03308
MAG_111,K01749
MAG_111,K10716
MAG_111,K03555
MAG_111,K09471
MAG_111,K03322
MAG_111,K16288
MAG_111,K06880
MAG_111,K03784
MAG_111,K06213
MAG_111,K12555
MAG_111,K06295
MAG_111,K00525
MAG_111,K18707
MAG_111,K19577
MAG_111,K03628
MAG_111,K01873
MAG_111,K00756
MAG_111,K03483
MAG_111,K07160
MAG_111,K21465
MAG_111,K07391
MAG_111,K20451
MAG_111,K01679
MAG_111,K00384
MAG_111,K02818
MAG_111,K02819
MAG_111,K02793
MAG_111,K02794
MAG_111,K12942
MAG_111,K00891
MAG_111,K00692
MAG_111,K16918
MAG_111,K02240
MAG_111,K03151
MAG_111,K22927
MAG_111,K15580
MAG_111,K20534
MAG_111,K03046
MAG_111,K02033
MAG_111,K03655
MAG_111,K07149
MAG_111,K01868
MAG_111,K01883
MAG_111,K00425
MAG_111,K06442
MAG_111,K15582
MAG_111,K02239
MAG_111,K07246
MAG_111,K03593
MAG_111,K15583
MAG_111,K11050
MAG_111,K06885
MAG_111,K07082
MAG_136,K02050
MAG_136,K00615
MAG_136,K01223
MAG_136,K01077
MAG_136,K01951
MAG_136,K01232
MAG_136,K02622
MAG_136,K00260
MAG_136,K08602
MAG_136,K01845
MAG_136,K01873
MAG_136,K03328
MAG_136,K02071
MAG_136,K08221
MAG_136,K02240
MAG_136,K01681
MAG_136,K01222
MAG_136,K01338
MAG_136,K01958
MAG_136,K01119
MAG_136,K18928
MAG_136,K15583
MAG_136,K01226
MAG_136,K00058
MAG_136,K06180
MAG_136,K03529
MAG_136,K02469
MAG_136,K02035
MAG_136,K03406
MAG_136,K05565
MAG_136,K16785
MAG_136,K01126
MAG_136,K02015
MAG_136,K02761
MAG_136,K03885
MAG_136,K01756
MAG_136,K06438
MAG_136,K03293
MAG_136,K01867
MAG_136,K21469
MAG_136,K02034
MAG_136,K00965
MAG_136,K17686
MAG_136,K01265
MAG_136,K03498
MAG_136,K07407
MAG_136,K10112
MAG_136,K02621
MAG_136,K01868
MAG_136,K01881
MAG_136,K19005
MAG_136,K01866
MAG_136,K03321
MAG_136,K03657
MAG_136,K03595
MAG_136,K03322
MAG_136,K18707
MAG_136,K01486
MAG_136,K03439
MAG_136,K06147
MAG_136,K20938
MAG_136,K07258
MAG_136,K02499
MAG_136,K20116
MAG_136,K20117
MAG_136,K20118
MAG_136,K12573
MAG_136,K22136
MAG_136,K04486
MAG_136,K11623
MAG_136,K00797
MAG_136,K15738
MAG_136,K06415
MAG_136,K02478
MAG_136,K01443
MAG_136,K00620
MAG_136,K02502
MAG_136,K05349
MAG_136,K01872
MAG_136,K17217
MAG_136,K01560
MAG_136,K03315
MAG_136,K07718
MAG_136,K06295
MAG_136,K05813
MAG_136,K06286
MAG_136,K15975
MAG_136,K08301
MAG_136,K06901
MAG_136,K05989
MAG_136,K03979
MAG_136,K06382
MAG_136,K11754
MAG_136,K04066
MAG_136,K18198
MAG_136,K06408
MAG_136,K21023
MAG_136,K09698
MAG_136,K17758
MAG_136,K17759
MAG_136,K00756
MAG_136,K03569
MAG_136,K01911
MAG_136,K08153
MAG_136,K02044
MAG_136,K06959
MAG_136,K00249
MAG_136,K03106
MAG_136,K01736
MAG_136,K11936
MAG_136,K00121
MAG_136,K09699
MAG_136,K01585
MAG_136,K03547
MAG_136,K04773
MAG_136,K01992
MAG_136,K05847
MAG_136,K03491
MAG_136,K06313
MAG_136,K00208
MAG_136,K03593
MAG_136,K07124
MAG_136,K23269
MAG_136,K00425
MAG_136,K02846
MAG_136,K03307
MAG_136,K03723
MAG_136,K00819
MAG_136,K23536
MAG_136,K01925
MAG_136,K03466
MAG_136,K21467
MAG_136,K16898
MAG_136,K23537
MAG_136,K18925
MAG_136,K01537
MAG_136,K06436
MAG_136,K03628
MAG_136,K01784
MAG_136,K03572
MAG_136,K01662
MAG_136,K03327
MAG_136,K16511
MAG_136,K02755
MAG_136,K02756
MAG_136,K02757
MAG_136,K00128
MAG_136,K18104
MAG_136,K02500
MAG_136,K01433
MAG_136,K21464
MAG_136,K01258
MAG_136,K17763
MAG_136,K10027
MAG_136,K00003
MAG_136,K09458
MAG_136,K00763
MAG_136,K01733
MAG_136,K10117
MAG_136,K00962
MAG_136,K01190
MAG_136,K00681
MAG_136,K22927
MAG_136,K03311
MAG_136,K00383
MAG_136,K00525
MAG_136,K02335
MAG_136,K01953
MAG_136,K01299
MAG_136,K07651
MAG_136,K01191
MAG_136,K00491
MAG_136,K01890
MAG_136,K01652
MAG_136,K01657
MAG_136,K03387
MAG_136,K06394
MAG_136,K04043
MAG_136,K06158
MAG_136,K00796
MAG_136,K00800
MAG_136,K00483
MAG_136,K02025
MAG_136,K03581
MAG_136,K00078
MAG_136,K00005
MAG_136,K03699
MAG_136,K01810
MAG_136,K22135
MAG_136,K00384
MAG_136,K00754
MAG_136,K01247
MAG_136,K12555
MAG_136,K02011
MAG_136,K01118
MAG_136,K03763
MAG_136,K03650
MAG_136,K07177
MAG_136,K03703
MAG_136,K02404
MAG_136,K06398
MAG_136,K18890
MAG_136,K01893
MAG_136,K02799
MAG_136,K02800
MAG_136,K01791
MAG_136,K00158
MAG_136,K03546
MAG_136,K21567
MAG_136,K09014
MAG_136,K03324
MAG_136,K06168
MAG_136,K00526
MAG_136,K03502
MAG_136,K06406
MAG_136,K20534
MAG_136,K11737
MAG_136,K01209
MAG_136,K02316
MAG_136,K03308
MAG_136,K01895
MAG_136,K03169
MAG_136,K00265
MAG_136,K03310
MAG_136,K21802
MAG_136,K04771
MAG_136,K03294
MAG_136,K14647
MAG_136,K02769
MAG_136,K02770
MAG_136,K01436
MAG_136,K01955
MAG_136,K11614
MAG_136,K01546
MAG_136,K13276
MAG_136,K03893
MAG_136,K00874
MAG_136,K03483
MAG_136,K01473
MAG_136,K07090
MAG_136,K07462
MAG_136,K23262
MAG_136,K16199
MAG_136,K02495
MAG_136,K07030
MAG_136,K18692
MAG_136,K21465
MAG_136,K11625
MAG_136,K01708
MAG_136,K00283
MAG_136,K03611
MAG_136,K18115
MAG_136,K01835
MAG_136,K02000
MAG_136,K09471
MAG_136,K02103
MAG_136,K19225
MAG_136,K06948
MAG_136,K00263
MAG_136,K02068
MAG_136,K12308
MAG_136,K00841
MAG_136,K16012
MAG_136,K00164
MAG_136,K01990
MAG_136,K03596
MAG_136,K02343
MAG_136,K03697
MAG_136,K01869
MAG_136,K03296
MAG_136,K03742
MAG_136,K08969
MAG_136,K11617
MAG_136,K00931
MAG_136,K02346
MAG_136,K03168
MAG_136,K02476
MAG_136,K00088
MAG_136,K00131
MAG_136,K16786
MAG_136,K16787
MAG_136,K04042
MAG_136,K02341
MAG_136,K01971
MAG_136,K01421
MAG_136,K00567
MAG_136,K10188
MAG_136,K02551
MAG_136,K06956
MAG_136,K00773
MAG_136,K00004
MAG_136,K02054
MAG_136,K07720
MAG_136,K19689
MAG_136,K03316
MAG_136,K06978
MAG_136,K02775
MAG_136,K06118
MAG_141,K03799
MAG_141,K01872
MAG_141,K00962
MAG_141,K01870
MAG_141,K02298
MAG_141,K02337
MAG_141,K03701
MAG_141,K02112
MAG_141,K01710
MAG_141,K13797
MAG_141,K03070
MAG_141,K09822
MAG_141,K04043
MAG_141,K01439
MAG_141,K00820
MAG_141,K02469
MAG_142,K00121
MAG_142,K05832
MAG_142,K02835
MAG_142,K01595
MAG_142,K11105
MAG_142,K00626
MAG_142,K01006
MAG_142,K03657
MAG_142,K03337
MAG_142,K01992
MAG_142,K00937
MAG_142,K07652
MAG_142,K04079
MAG_142,K06415
MAG_142,K21493
MAG_142,K10041
MAG_142,K11085
MAG_142,K01971
MAG_142,K03784
MAG_142,K14393
MAG_142,K03317
MAG_142,K03588
MAG_142,K00681
MAG_142,K04091
MAG_142,K17318
MAG_142,K07173
MAG_142,K06877
MAG_142,K05565
MAG_142,K01361
MAG_142,K00548
MAG_142,K08282
MAG_142,K08693
MAG_142,K01638
MAG_142,K01119
MAG_142,K07680
MAG_142,K00666
MAG_142,K07651
MAG_142,K03555
MAG_142,K03569
MAG_142,K00688
MAG_142,K00058
MAG_142,K02027
MAG_142,K01081
MAG_142,K02396
MAG_142,K01895
MAG_142,K16898
MAG_142,K01812
MAG_142,K00104
MAG_142,K00294
MAG_142,K15923
MAG_142,K06307
MAG_142,K01610
MAG_142,K03466
MAG_142,K19542
MAG_142,K02424
MAG_142,K00036
MAG_142,K01436
MAG_142,K06147
MAG_142,K00128
MAG_142,K01687
MAG_142,K13276
MAG_142,K11936
MAG_142,K02016
MAG_142,K07180
MAG_142,K01953
MAG_142,K00820
MAG_142,K12256
MAG_142,K01937
MAG_142,K12555
MAG_142,K00130
MAG_142,K11103
MAG_142,K13020
MAG_142,K00615
MAG_142,K03699
MAG_142,K01113
MAG_142,K07443
MAG_142,K00341
MAG_142,K00657
MAG_142,K08177
MAG_142,K16785
MAG_142,K06158
MAG_142,K07718
MAG_142,K16199
MAG_142,K03470
MAG_142,K00059
MAG_142,K01890
MAG_142,K01599
MAG_142,K02335
MAG_142,K01810
MAG_142,K17758
MAG_142,K03327
MAG_142,K01448
MAG_142,K01867
MAG_142,K02390
MAG_142,K18640
MAG_142,K03758
MAG_142,K03763
MAG_142,K01955
MAG_142,K06377
MAG_142,K06338
MAG_142,K03665
MAG_142,K19005
MAG_142,K20116
MAG_142,K20117
MAG_142,K20118
MAG_142,K03455
MAG_142,K01928
MAG_142,K03928
MAG_142,K03336
MAG_142,K01212
MAG_142,K01255
MAG_142,K07037
MAG_142,K07516
MAG_142,K01835
MAG_142,K21466
MAG_142,K23269
MAG_142,K01515
MAG_142,K03575
MAG_142,K00549
MAG_142,K01138
MAG_142,K01886
MAG_142,K03697
MAG_142,K02827
MAG_142,K03797
MAG_142,K06398
MAG_142,K01681
MAG_142,K01843
MAG_142,K01760
MAG_142,K20480
MAG_142,K01187
MAG_142,K07777
MAG_142,K18692
MAG_142,K06200
MAG_142,K06959
MAG_142,K01200
MAG_142,K01174
MAG_142,K07246
MAG_142,K03307
MAG_142,K16899
MAG_142,K00381
MAG_142,K19505
MAG_142,K06886
MAG_142,K03722
MAG_142,K01883
MAG_142,K02470
MAG_142,K01207
MAG_142,K06131
MAG_142,K15738
MAG_142,K04844
MAG_142,K03147
MAG_142,K18682
MAG_142,K11942
MAG_142,K06207
MAG_142,K03296
MAG_142,K02769
MAG_142,K02770
MAG_142,K01755
MAG_142,K01897
MAG_142,K01869
MAG_142,K03696
MAG_142,K00088
MAG_142,K00874
MAG_142,K00823
MAG_142,K17228
MAG_142,K00164
MAG_142,K17722
MAG_142,K01873
MAG_142,K12574
MAG_142,K03693
MAG_142,K06994
MAG_142,K02243
MAG_142,K00962
MAG_142,K10117
MAG_142,K17838
MAG_142,K01966
MAG_142,K15633
MAG_142,K03596
MAG_142,K03723
MAG_142,K00854
MAG_142,K16235
MAG_142,K02621
MAG_142,K01915
MAG_142,K02021
MAG_142,K20107
MAG_142,K20108
MAG_142,K17217
MAG_142,K08355
MAG_142,K01005
MAG_142,K02026
MAG_142,K13274
MAG_142,K00625
MAG_142,K01791
MAG_142,K00425
MAG_142,K02238
MAG_142,K01938
MAG_142,K07407
MAG_142,K03529
MAG_142,K01784
MAG_142,K18929
MAG_142,K01271
MAG_142,K21465
MAG_142,K01269
MAG_142,K00525
MAG_142,K02071
MAG_142,K02111
MAG_142,K00122
MAG_142,K01868
MAG_142,K03475
MAG_142,K07693
MAG_142,K03701
MAG_142,K06331
MAG_142,K02343
MAG_142,K03308
MAG_142,K01921
MAG_142,K00147
MAG_142,K01847
MAG_142,K08153
MAG_142,K03320
MAG_142,K13533
MAG_142,K21960
MAG_142,K02529
MAG_142,K06016
MAG_142,K01604
MAG_142,K01662
MAG_142,K18890
MAG_142,K00123
MAG_142,K01176
MAG_142,K19239
MAG_142,K03070
MAG_142,K07404
MAG_142,K21064
MAG_142,K03168
MAG_142,K01872
MAG_142,K01265
MAG_142,K01534
MAG_142,K08602
MAG_142,K02182
MAG_142,K03979
MAG_142,K07004
MAG_142,K07793
MAG_142,K16173
MAG_142,K00951
MAG_142,K07456
MAG_142,K00836
MAG_142,K00362
MAG_142,K09776
MAG_142,K02232
MAG_142,K07080
MAG_142,K07192
MAG_142,K00239
MAG_142,K01338
MAG_142,K19421
MAG_142,K17315
MAG_142,K03300
MAG_142,K00260
MAG_142,K01669
MAG_142,K06408
MAG_142,K00265
MAG_142,K06324
MAG_142,K02563
MAG_142,K01468
MAG_142,K05592
MAG_142,K01547
MAG_142,K12573
MAG_146,K11733
MAG_146,K14338
MAG_146,K07456
MAG_146,K13542
MAG_146,K04487
MAG_146,K00102
MAG_146,K00104
MAG_146,K08153
MAG_146,K02035
MAG_146,K15633
MAG_146,K01887
MAG_146,K07104
MAG_146,K01886
MAG_146,K23269
MAG_146,K06296
MAG_146,K18890
MAG_146,K16173
MAG_146,K02011
MAG_146,K02030
MAG_146,K16850
MAG_146,K03885
MAG_146,K06714
MAG_146,K01028
MAG_146,K07246
MAG_146,K01652
MAG_146,K01992
MAG_146,K11942
MAG_146,K03309
MAG_146,K00265
MAG_146,K01845
MAG_146,K01338
MAG_146,K03300
MAG_146,K01843
MAG_146,K22136
MAG_146,K01897
MAG_146,K04780
MAG_146,K02526
MAG_146,K12573
MAG_146,K05568
MAG_146,K05823
MAG_146,K01738
MAG_146,K00986
MAG_146,K07217
MAG_146,K03529
MAG_146,K00626
MAG_146,K02768
MAG_146,K02769
MAG_146,K02770
MAG_146,K01755
MAG_146,K21468
MAG_146,K06298
MAG_146,K01295
MAG_146,K03763
MAG_146,K00525
MAG_146,K01975
MAG_146,K01439
MAG_146,K15738
MAG_146,K11103
MAG_146,K01752
MAG_146,K00793
MAG_146,K03407
MAG_146,K00260
MAG_146,K02232
MAG_146,K01255
MAG_146,K01895
MAG_146,K03879
MAG_146,K15975
MAG_146,K23163
MAG_146,K02424
MAG_146,K01955
MAG_146,K16901
MAG_146,K00058
MAG_146,K03294
MAG_146,K18979
MAG_146,K00375
MAG_146,K03316
MAG_146,K09684
MAG_146,K01873
MAG_146,K04091
MAG_146,K00174
MAG_146,K02482
MAG_146,K01791
MAG_146,K03149
MAG_146,K07037
MAG_146,K07004
MAG_146,K00036
MAG_146,K03502
MAG_146,K01810
MAG_146,K02624
MAG_146,K22278
MAG_146,K03293
MAG_146,K07124
MAG_146,K09014
MAG_146,K21472
MAG_146,K04567
MAG_146,K06415
MAG_146,K07478
MAG_146,K02013
MAG_146,K02004
MAG_146,K02016
MAG_146,K03701
MAG_146,K01534
MAG_146,K10947
MAG_146,K16898
MAG_146,K22270
MAG_146,K07814
MAG_146,K00839
MAG_146,K01666
MAG_146,K07029
MAG_146,K06994
MAG_146,K21467
MAG_146,K00820
MAG_146,K05825
MAG_146,K03688
MAG_146,K03723
MAG_146,K06286
MAG_146,K08965
MAG_146,K00864
MAG_146,K07090
MAG_146,K18926
MAG_146,K01937
MAG_146,K18692
MAG_146,K03466
MAG_146,K19005
MAG_146,K11085
MAG_146,K13745
MAG_146,K07516
MAG_146,K19113
MAG_146,K00382
MAG_146,K03781
MAG_146,K03657
MAG_146,K03475
MAG_146,K08964
MAG_146,K00130
MAG_146,K01183
MAG_146,K01847
MAG_146,K02470
MAG_146,K01182
MAG_146,K00851
MAG_146,K06306
MAG_146,K01869
MAG_146,K02802
MAG_146,K02803
MAG_146,K02804
MAG_146,K03518
MAG_146,K08693
MAG_146,K00239
MAG_146,K00549
MAG_146,K11637
MAG_146,K06016
MAG_146,K04720
MAG_146,K00681
MAG_146,K10255
MAG_146,K01703
MAG_146,K00483
MAG_146,K21479
MAG_146,K03693
MAG_146,K23183
MAG_146,K01286
MAG_146,K01421
MAG_146,K03695
MAG_146,K01258
MAG_146,K00264
MAG_146,K04103
MAG_146,K03569
MAG_146,K01829
MAG_146,K11928
MAG_146,K07240
MAG_146,K01400
MAG_146,K00013
MAG_146,K07652
MAG_146,K12574
MAG_146,K11632
MAG_146,K03321
MAG_146,K02051
MAG_146,K06147
MAG_146,K17763
MAG_146,K01761
MAG_146,K01966
MAG_146,K01745
MAG_146,K06885
MAG_146,K19954
MAG_146,K18907
MAG_146,K03483
MAG_146,K01207
MAG_146,K03106
MAG_146,K02053
MAG_146,K16785
MAG_146,K03308
MAG_146,K02040
MAG_146,K02945
MAG_146,K00003
MAG_146,K03696
MAG_146,K04043
MAG_146,K02472
MAG_146,K03307
MAG_146,K03735
MAG_146,K00878
MAG_146,K01679
MAG_146,K00276
MAG_146,K09681
MAG_146,K11754
MAG_146,K01005
MAG_146,K03070
MAG_146,K01193
MAG_146,K01077
MAG_146,K01151
MAG_146,K01741
MAG_146,K01657
MAG_146,K03722
MAG_146,K03897
MAG_146,K13274
MAG_146,K00073
MAG_146,K01953
MAG_146,K03311
MAG_146,K06969
MAG_146,K01736
MAG_146,K18118
MAG_146,K01872
MAG_146,K08301
MAG_146,K14166
MAG_146,K03798
MAG_146,K03588
MAG_146,K07777
MAG_146,K07180
MAG_146,K03980
MAG_146,K01740
MAG_146,K22187
MAG_146,K16301
MAG_146,K07243
MAG_146,K01835
MAG_146,K03328
MAG_146,K07462
MAG_146,K00763
MAG_146,K06200
MAG_146,K01989
MAG_146,K03547
MAG_146,K01890
MAG_146,K01998
MAG_146,K10441
MAG_146,K00841
MAG_146,K01480
MAG_146,K02343
MAG_146,K08172
MAG_146,K17686
MAG_146,K11072
MAG_146,K21029
MAG_146,K01999
MAG_146,K00123
MAG_146,K14155
MAG_146,K00341
MAG_146,K21405
MAG_146,K19745
MAG_146,K03665
MAG_146,K01556
MAG_146,K00161
MAG_146,K03652
MAG_146,K18929
MAG_146,K06880
MAG_146,K01361
MAG_146,K03555
MAG_146,K00595
MAG_146,K03430
MAG_146,K02551
MAG_146,K01929
MAG_146,K03168
MAG_146,K00128
MAG_146,K11535
MAG_146,K19802
MAG_146,K02337
MAG_146,K06607
MAG_146,K06297
MAG_146,K02238
MAG_146,K03596
MAG_146,K04034
MAG_147,K16236
MAG_147,K10112
MAG_147,K17318
MAG_147,K02004
MAG_147,K03517
MAG_147,K04780
MAG_147,K03455
MAG_147,K05565
MAG_147,K07148
MAG_147,K21467
MAG_147,K08602
MAG_147,K01868
MAG_147,K01895
MAG_147,K18770
MAG_147,K03655
MAG_147,K02335
MAG_147,K04066
MAG_147,K01299
MAG_147,K00868
MAG_147,K16247
MAG_147,K02346
MAG_147,K12574
MAG_147,K01890
MAG_147,K06415
MAG_147,K21613
MAG_147,K00666
MAG_147,K16898
MAG_147,K06909
MAG_147,K01258
MAG_147,K03581
MAG_147,K04043
MAG_147,K01438
MAG_147,K13615
MAG_147,K01745
MAG_147,K03596
MAG_147,K16199
MAG_147,K03406
MAG_147,K17686
MAG_147,K18704
MAG_147,K01113
MAG_147,K12308
MAG_147,K09458
MAG_147,K02238
MAG_147,K02337
MAG_147,K00265
MAG_147,K20444
MAG_147,K11358
MAG_147,K01126
MAG_147,K08369
MAG_147,K01720
MAG_147,K14166
MAG_147,K01209
MAG_147,K07516
MAG_147,K08777
MAG_147,K16838
MAG_147,K07399
MAG_147,K01685
MAG_147,K01182
MAG_147,K03319
MAG_147,K03367
MAG_147,K21468
MAG_147,K00549
MAG_147,K19421
MAG_147,K14540
MAG_147,K01897
MAG_147,K01657
MAG_147,K07180
MAG_147,K18890
MAG_147,K01662
MAG_147,K03491
MAG_147,K02552
MAG_147,K14205
MAG_147,K07444
MAG_147,K09699
MAG_147,K02274
MAG_147,K01212
MAG_147,K02058
MAG_147,K02502
MAG_147,K03798
MAG_147,K01448
MAG_147,K08693
MAG_147,K03888
MAG_147,K00625
MAG_147,K00681
MAG_147,K03500
MAG_147,K01424
MAG_147,K06942
MAG_147,K02824
MAG_147,K21567
MAG_147,K16169
MAG_147,K03147
MAG_147,K19225
MAG_147,K14333
MAG_147,K03321
MAG_147,K14338
MAG_147,K00627
MAG_147,K00294
MAG_147,K07652
MAG_147,K03466
MAG_147,K01679
MAG_147,K03294
MAG_147,K06324
MAG_147,K07462
MAG_147,K01428
MAG_147,K00354
MAG_147,K09698
MAG_147,K03555
MAG_147,K01872
MAG_147,K03169
MAG_147,K12132
MAG_147,K06164
MAG_147,K05823
MAG_147,K12555
MAG_147,K07238
MAG_147,K07035
MAG_147,K18907
MAG_147,K03502
MAG_147,K00123
MAG_147,K03893
MAG_147,K01187
MAG_147,K03310
MAG_147,K23138
MAG_147,K07258
MAG_147,K03215
MAG_147,K02469
MAG_147,K00791
MAG_147,K02827
MAG_147,K18692
MAG_147,K00285
MAG_147,K13533
MAG_147,K03168
MAG_147,K00839
MAG_147,K00259
MAG_147,K01869
MAG_147,K03307
MAG_147,K21023
MAG_147,K06158
MAG_147,K01876
MAG_147,K01077
MAG_147,K03977
MAG_147,K01893
MAG_147,K04041
MAG_147,K13274
MAG_147,K02111
MAG_147,K00362
MAG_147,K00012
MAG_147,K00370
MAG_147,K06408
MAG_147,K18672
MAG_147,K01262
MAG_147,K01537
MAG_147,K01176
MAG_147,K02500
MAG_147,K04079
MAG_147,K21464
MAG_147,K03979
MAG_147,K01835
MAG_147,K07192
MAG_147,K20895
MAG_147,K02763
MAG_147,K02764
MAG_147,K02765
MAG_147,K01200
MAG_147,K07650
MAG_147,K18198
MAG_147,K01937
MAG_147,K01911
MAG_147,K05847
MAG_147,K00688
MAG_147,K02563
MAG_147,K02495
MAG_147,K00600
MAG_147,K00754
MAG_147,K11632
MAG_147,K06994
MAG_147,K22927
MAG_147,K15656
MAG_147,K00560
MAG_147,K03328
MAG_147,K03336
MAG_147,K01652
MAG_147,K03701
MAG_147,K01703
MAG_147,K07697
MAG_147,K14647
MAG_147,K03781
MAG_147,K16012
MAG_147,K06207
MAG_147,K01612
MAG_147,K06446
MAG_147,K02621
MAG_147,K00824
MAG_147,K15654
MAG_147,K06905
MAG_147,K08981
MAG_147,K03457
MAG_147,K14393
MAG_147,K03296
MAG_147,K00864
MAG_147,K03657
MAG_147,K02303
MAG_147,K03794
MAG_147,K03722
MAG_147,K00283
MAG_147,K23269
MAG_147,K13276
MAG_147,K04565
MAG_147,K01929
MAG_147,K00547
MAG_147,K00297
MAG_147,K19005
MAG_147,K01961
MAG_147,K01081
MAG_147,K00239
MAG_147,K01924
MAG_147,K01755
MAG_147,K03716
MAG_147,K06147
MAG_147,K00626
MAG_147,K08724
MAG_147,K07037
MAG_147,K14665
MAG_147,K13277
MAG_147,K01953
MAG_147,K15738
MAG_147,K06959
MAG_147,K01955
MAG_147,K01207
MAG_147,K02768
MAG_147,K02769
MAG_147,K02770
MAG_147,K00962
MAG_147,K12573
MAG_147,K20116
MAG_147,K20117
MAG_147,K20118
MAG_147,K22187
MAG_147,K13611
MAG_147,K06286
MAG_147,K22579
MAG_147,K03346
MAG_147,K06394
MAG_147,K06298
MAG_147,K00928
MAG_147,K01928
MAG_147,K00147
MAG_147,K03483
MAG_147,K01443
MAG_147,K15655
MAG_147,K01338
MAG_147,K01223
MAG_147,K01958
MAG_147,K09014
MAG_147,K06362
MAG_147,K07040
MAG_147,K00958
MAG_147,K11959
MAG_147,K06607
MAG_147,K03070
MAG_147,K01873
MAG_147,K00848
MAG_147,K01813
MAG_147,K03569
MAG_147,K22933
MAG_147,K15583
MAG_148,K01342
MAG_148,K02112
MAG_148,K17216
MAG_148,K06147
MAG_148,K00560
MAG_148,K03429
MAG_148,K03118
MAG_148,K01207
MAG_148,K12573
MAG_148,K03802
MAG_148,K01448
MAG_148,K00958
MAG_148,K05568
MAG_148,K12555
MAG_148,K00851
MAG_148,K00615
MAG_148,K03299
MAG_148,K01874
MAG_148,K07097
MAG_148,K00453
MAG_148,K02257
MAG_148,K01255
MAG_148,K01733
MAG_148,K03307
MAG_148,K02011
MAG_148,K06394
MAG_148,K07250
MAG_148,K01247
MAG_148,K13653
MAG_148,K01586
MAG_148,K03596
MAG_148,K20480
MAG_148,K01187
MAG_148,K03572
MAG_148,K08651
MAG_148,K09698
MAG_148,K02761
MAG_148,K04034
MAG_148,K07058
MAG_148,K02491
MAG_148,K00274
MAG_148,K04042
MAG_148,K19302
MAG_148,K02031
MAG_148,K02032
MAG_148,K08168
MAG_148,K07456
MAG_148,K11754
MAG_148,K09790
MAG_148,K00790
MAG_148,K08282
MAG_148,K01647
MAG_148,K02035
MAG_148,K07107
MAG_148,K07067
MAG_148,K03088
MAG_148,K01938
MAG_148,K00823
MAG_148,K01534
MAG_148,K03293
MAG_148,K03522
MAG_148,K11751
MAG_148,K01755
MAG_148,K16881
MAG_148,K09015
MAG_148,K02013
MAG_148,K20021
MAG_148,K01839
MAG_148,K00036
MAG_148,K01560
MAG_148,K06182
MAG_148,K00812
MAG_148,K03595
MAG_148,K08152
MAG_148,K13038
MAG_148,K21472
MAG_148,K01468
MAG_148,K01515
MAG_148,K01657
MAG_148,K01400
MAG_148,K00382
MAG_148,K01101
MAG_148,K01835
MAG_148,K06885
MAG_148,K00694
MAG_148,K03296
MAG_148,K18889
MAG_148,K01174
MAG_148,K02492
MAG_148,K00297
MAG_148,K00547
MAG_148,K01872
MAG_148,K07636
MAG_148,K10112
MAG_148,K03750
MAG_148,K10819
MAG_148,K01972
MAG_148,K07258
MAG_148,K05340
MAG_148,K05845
MAG_148,K05846
MAG_148,K01338
MAG_148,K16639
MAG_148,K21465
MAG_148,K20116
MAG_148,K20117
MAG_148,K20118
MAG_148,K00058
MAG_148,K03110
MAG_148,K04083
MAG_148,K17315
MAG_148,K01738
MAG_148,K01696
MAG_148,K03569
MAG_148,K01961
MAG_148,K00951
MAG_148,K01866
MAG_148,K01361
MAG_148,K02357
MAG_148,K06976
MAG_148,K15738
MAG_148,K07082
MAG_148,K22395
MAG_148,K00384
MAG_148,K06023
MAG_148,K03790
MAG_148,K03654
MAG_148,K00847
MAG_148,K02012
MAG_148,K00925
MAG_148,K11749
MAG_148,K01138
MAG_148,K00075
MAG_148,K18692
MAG_148,K03693
MAG_148,K03466
MAG_148,K03885
MAG_148,K01868
MAG_148,K18640
MAG_148,K07775
MAG_148,K01046
MAG_148,K03320
MAG_148,K00020
MAG_148,K01652
MAG_148,K06308
MAG_148,K01870
MAG_148,K17763
MAG_148,K06436
MAG_148,K06200
MAG_148,K11249
MAG_148,K03407
MAG_148,K01486
MAG_148,K06994
MAG_148,K07507
MAG_148,K19701
MAG_148,K07793
MAG_148,K02033
MAG_148,K02469
MAG_148,K00525
MAG_148,K06158
MAG_148,K03833
MAG_148,K03722
MAG_148,K09607
MAG_148,K02335
MAG_148,K00941
MAG_148,K00548
MAG_148,K03703
MAG_148,K01912
MAG_148,K00962
MAG_148,K01887
MAG_148,K22044
MAG_148,K18231
MAG_148,K02027
MAG_148,K11632
MAG_148,K22108
MAG_148,K01998
MAG_148,K02621
MAG_148,K02015
MAG_148,K01895
MAG_148,K03665
MAG_148,K07568
MAG_148,K03697
MAG_148,K03545
MAG_148,K00756
MAG_148,K00754
MAG_148,K11102
MAG_148,K07080
MAG_148,K01880
MAG_148,K16188
MAG_148,K06310
MAG_148,K01745
MAG_148,K13853
MAG_148,K21567
MAG_148,K03979
MAG_148,K06410
MAG_148,K01925
MAG_148,K02083
MAG_148,K10026
MAG_148,K01928
MAG_148,K18567
MAG_148,K01992
MAG_148,K03455
MAG_148,K01990
MAG_148,K03657
MAG_148,K00891
MAG_148,K16898
MAG_148,K00341
MAG_148,K03168
MAG_148,K06438
MAG_148,K00620
MAG_148,K08969
MAG_148,K11617
MAG_148,K14540
MAG_148,K00259
MAG_148,K02004
MAG_148,K22927
MAG_148,K07137
MAG_148,K01890
MAG_148,K01200
MAG_148,K15975
MAG_148,K06382
MAG_148,K00873
MAG_148,K15771
MAG_148,K01258
MAG_148,K10441
MAG_148,K10217
MAG_148,K16239
MAG_148,K01881
MAG_148,K05020
MAG_148,K02502
MAG_148,K07245
MAG_148,K06131
MAG_148,K07112
MAG_148,K00333
MAG_148,K13276
MAG_148,K02274
MAG_148,K01714
MAG_148,K02400
MAG_148,K09145
MAG_148,K06415
MAG_148,K18115
MAG_148,K01191
MAG_148,K03495
MAG_148,K02945
MAG_148,K06959
MAG_148,K01873
MAG_148,K10844
MAG_148,K04771
MAG_148,K05592
MAG_148,K03523
MAG_148,K02071
MAG_148,K13533
MAG_148,K01953
MAG_148,K00820
MAG_148,K02409
MAG_148,K08724
MAG_148,K01649
MAG_148,K12960
MAG_148,K03639
MAG_148,K02018
MAG_148,K03284
MAG_148,K03723
MAG_148,K01439
MAG_148,K16149
MAG_148,K11626
MAG_148,K18770
MAG_148,K12574
MAG_148,K06168
MAG_148,K00354
MAG_148,K00027
MAG_148,K00796
MAG_148,K03594
MAG_148,K11085
MAG_148,K03090
MAG_148,K07399
MAG_148,K04768
MAG_148,K05366
MAG_148,K01662
MAG_148,K20742
MAG_148,K07502
MAG_148,K02343
MAG_148,K01227
MAG_148,K06381
MAG_148,K03924
MAG_148,K16918
MAG_148,K11686
MAG_148,K03531
MAG_148,K01681
MAG_148,K07650
MAG_148,K00626
MAG_148,K03897
MAG_148,K00819
MAG_148,K06408
MAG_148,K06398
MAG_148,K01845
MAG_148,K08602
MAG_148,K02768
MAG_148,K02769
MAG_148,K02770
MAG_148,K00294
MAG_148,K03502
MAG_148,K03781
MAG_148,K06313
MAG_148,K02824
MAG_148,K01262
MAG_148,K00625
MAG_148,K00483
MAG_148,K02243
MAG_148,K03797
MAG_148,K19405
MAG_148,K00969
MAG_148,K00425
MAG_148,K01434
MAG_148,K11535
MAG_148,K06207
MAG_148,K03305
MAG_148,K18890
MAG_148,K07177
MAG_148,K07652
MAG_148,K03346
MAG_148,K15524
MAG_148,K02416
MAG_148,K03576
MAG_148,K03500
MAG_148,K16787
MAG_148,K18855
MAG_148,K02106
MAG_148,K01449
MAG_148,K00836
MAG_148,K16899
MAG_148,K12132
MAG_148,K01226
MAG_148,K04518
MAG_148,K02337
MAG_148,K19689
MAG_148,K03593
MAG_148,K00817
MAG_148,K07478
MAG_148,K07462
MAG_148,K00786
MAG_148,K23257
MAG_148,K03308
MAG_148,K01869
MAG_148,K01556
MAG_148,K23269
MAG_159,K18707
MAG_159,K03547
MAG_159,K00432
MAG_159,K00354
MAG_159,K03296
MAG_159,K04076
MAG_159,K09990
MAG_159,K03797
MAG_159,K02238
MAG_159,K08969
MAG_159,K17103
MAG_159,K04486
MAG_159,K18889
MAG_159,K06147
MAG_159,K19005
MAG_159,K04763
MAG_159,K11621
MAG_159,K01749
MAG_159,K02035
MAG_159,K00823
MAG_159,K20486
MAG_159,K09698
MAG_159,K06436
MAG_159,K02371
MAG_159,K02492
MAG_159,K01895
MAG_159,K00058
MAG_159,K07006
MAG_159,K04023
MAG_159,K02414
MAG_159,K09772
MAG_159,K21465
MAG_159,K00116
MAG_159,K08303
MAG_159,K03300
MAG_159,K03781
MAG_159,K01200
MAG_159,K00003
MAG_159,K22445
MAG_159,K16899
MAG_159,K02621
MAG_159,K20859
MAG_159,K01534
MAG_159,K03688
MAG_159,K07090
MAG_159,K17763
MAG_159,K02809
MAG_159,K02810
MAG_159,K02491
MAG_159,K18929
MAG_159,K02343
MAG_159,K01468
MAG_159,K00147
MAG_159,K02565
MAG_159,K07718
MAG_159,K03529
MAG_159,K08153
MAG_159,K03928
MAG_159,K03742
MAG_159,K07141
MAG_159,K01610
MAG_159,K19224
MAG_159,K05592
MAG_159,K07399
MAG_159,K02313
MAG_159,K02342
MAG_159,K03697
MAG_159,K11617
MAG_159,K00099
MAG_159,K01897
MAG_159,K00951
MAG_159,K00243
MAG_159,K08986
MAG_159,K07650
MAG_159,K05795
MAG_159,K02549
MAG_159,K03406
MAG_159,K17836
MAG_159,K11473
MAG_159,K01438
MAG_159,K04487
MAG_159,K02051
MAG_159,K03699
MAG_159,K04720
MAG_159,K18115
MAG_159,K03721
MAG_159,K00831
MAG_159,K16188
MAG_159,K17828
MAG_159,K02835
MAG_159,K01421
MAG_159,K06714
MAG_159,K00015
MAG_159,K05593
MAG_159,K02027
MAG_159,K00941
MAG_159,K01118
MAG_159,K03802
MAG_159,K03483
MAG_159,K22187
MAG_159,K03310
MAG_159,K07316
MAG_159,K02018
MAG_159,K06342
MAG_159,K00549
MAG_159,K06158
MAG_159,K08963
MAG_159,K03555
MAG_159,K00688
MAG_159,K00525
MAG_159,K01222
MAG_159,K01744
MAG_159,K03498
MAG_159,K01870
MAG_159,K02034
MAG_159,K21900
MAG_159,K00661
MAG_159,K00948
MAG_159,K07182
MAG_159,K17217
MAG_159,K10441
MAG_159,K02526
MAG_159,K06295
MAG_159,K06959
MAG_159,K00131
MAG_159,K01775
MAG_159,K01703
MAG_159,K01464
MAG_159,K08602
MAG_159,K01873
MAG_159,K13533
MAG_159,K21472
MAG_159,K03299
MAG_159,K16203
MAG_159,K04034
MAG_159,K01868
MAG_159,K07040
MAG_159,K09699
MAG_159,K03723
MAG_159,K06994
MAG_159,K18640
MAG_159,K03750
MAG_159,K01845
MAG_159,K07456
MAG_159,K01887
MAG_159,K01685
MAG_159,K08172
MAG_159,K01929
MAG_159,K02548
MAG_159,K01436
MAG_159,K16787
MAG_159,K15518
MAG_159,K00425
MAG_159,K02106
MAG_159,K02846
MAG_159,K06307
MAG_159,K06153
MAG_159,K00773
MAG_159,K01823
MAG_159,K05823
MAG_159,K00615
MAG_159,K21469
MAG_159,K00566
MAG_159,K18231
MAG_159,K07588
MAG_159,K20116
MAG_159,K20117
MAG_159,K20118
MAG_159,K23060
MAG_159,K01262
MAG_159,K01673
MAG_159,K01761
MAG_159,K15836
MAG_159,K07037
MAG_159,K18770
MAG_159,K21468
MAG_159,K03574
MAG_159,K08965
MAG_159,K02045
MAG_159,K02551
MAG_159,K01269
MAG_159,K12574
MAG_159,K00873
MAG_159,K00031
MAG_159,K10010
MAG_159,K02768
MAG_159,K02769
MAG_159,K02770
MAG_159,K00283
MAG_159,K01999
MAG_159,K03698
MAG_159,K07112
MAG_159,K09811
MAG_159,K18672
MAG_159,K00928
MAG_159,K16869
MAG_159,K06382
MAG_159,K00294
MAG_159,K07258
MAG_159,K00123
MAG_159,K07571
MAG_159,K04091
MAG_159,K03322
MAG_159,K00766
MAG_159,K00313
MAG_159,K03924
MAG_159,K07568
MAG_159,K07404
MAG_159,K03648
MAG_159,K07478
MAG_159,K11752
MAG_159,K11616
MAG_159,K02016
MAG_159,K01547
MAG_159,K07240
MAG_159,K01996
MAG_159,K01995
MAG_159,K00657
MAG_159,K13767
MAG_159,K04768
MAG_159,K15738
MAG_159,K08384
MAG_159,K01449
MAG_159,K03722
MAG_159,K06306
MAG_159,K12993
MAG_159,K03575
MAG_159,K18890
MAG_159,K22083
MAG_159,K07030
MAG_159,K11733
MAG_159,K00800
MAG_159,K01247
MAG_159,K00991
MAG_159,K02476
MAG_159,K21743
MAG_159,K05565
MAG_159,K00219
MAG_159,K05519
MAG_159,K01638
MAG_159,K15600
MAG_159,K01872
MAG_159,K02493
MAG_159,K01754
MAG_159,K08483
MAG_159,K03655
MAG_159,K20534
MAG_159,K02068
MAG_159,K01611
MAG_159,K08221
MAG_159,K01408
MAG_159,K06890
MAG_159,K00958
MAG_159,K00854
MAG_159,K17235
MAG_159,K07260
MAG_159,K00128
MAG_159,K03589
MAG_159,K01992
MAG_159,K00554
MAG_159,K02071
MAG_159,K05571
MAG_159,K09684
MAG_159,K11632
MAG_159,K01937
MAG_159,K00027
MAG_159,K00634
MAG_159,K21064
MAG_159,K03798
MAG_159,K15553
MAG_159,K03502
MAG_159,K01482
MAG_159,K01027
MAG_159,K17318
MAG_159,K02424
MAG_159,K02528
MAG_159,K01227
MAG_159,K03324
MAG_159,K01303
MAG_159,K10907
MAG_159,K00620
MAG_159,K07651
MAG_159,K00038
MAG_159,K01515
MAG_159,K08177
MAG_159,K23786
MAG_159,K00945
MAG_159,K01990
MAG_159,K00666
MAG_159,K05825
MAG_159,K02379
MAG_159,K07039
MAG_159,K02243
MAG_159,K02818
MAG_159,K02819
MAG_159,K06381
MAG_159,K01005
MAG_159,K01958
MAG_159,K03497
MAG_159,K06406
MAG_159,K00122
MAG_159,K03346
MAG_159,K01486
MAG_159,K10716
MAG_159,K03311
MAG_159,K03118
MAG_159,K14393
MAG_159,K00626
MAG_159,K11737
MAG_159,K00059
MAG_159,K01745
MAG_159,K00925
MAG_159,K05568
MAG_159,K01187
MAG_159,K07180
MAG_159,K01681
MAG_159,K09817
MAG_159,K10117
MAG_159,K00700
MAG_159,K07775
MAG_159,K01938
MAG_159,K01928
MAG_159,K03657
MAG_159,K02244
MAG_159,K16898
MAG_159,K07114
MAG_159,K01426
MAG_159,K03466
MAG_159,K01119
MAG_159,K06286
MAG_159,K02232
MAG_159,K03789
MAG_159,K03595
MAG_159,K02525
MAG_159,K00286
MAG_159,K02338
MAG_159,K17838
MAG_159,K08981
MAG_159,K02041
MAG_159,K21834
MAG_159,K09786
MAG_159,K07778
MAG_159,K03321
MAG_159,K23163
MAG_159,K03307
MAG_159,K00036
MAG_159,K03544
MAG_159,K00836
MAG_159,K07720
MAG_159,K01662
MAG_159,K01740
MAG_159,K03703
MAG_159,K04043
MAG_159,K04748
MAG_159,K00135
MAG_159,K00318
MAG_159,K00344
MAG_159,K01647
MAG_159,K01434
MAG_159,K03153
MAG_159,K06881
MAG_159,K07566
MAG_159,K03215
MAG_159,K18104
MAG_159,K06384
MAG_159,K03438
MAG_159,K03491
MAG_159,K01081
MAG_159,K01886
MAG_159,K06308
MAG_159,K06973
MAG_159,K07697
MAG_159,K00333
MAG_159,K19225
MAG_159,K02346
MAG_159,K03569
MAG_159,K00372
MAG_159,K22397
MAG_159,K09762
MAG_159,K02335
MAG_159,K19239
MAG_159,K01256
MAG_159,K00820
MAG_159,K00104
MAG_159,K06331
MAG_159,K03217
MAG_159,K03581
MAG_159,K02015
MAG_159,K10979
MAG_159,K17228
MAG_159,K02044
MAG_159,K03449
MAG_159,K00088
MAG_159,K01756
MAG_159,K23514
MAG_159,K03475
MAG_159,K00270
MAG_159,K03169
MAG_159,K05712
MAG_159,K03888
MAG_159,K07080
MAG_159,K04088
MAG_159,K19549
MAG_159,K17758
MAG_159,K07652
MAG_159,K01208
MAG_159,K08301
MAG_159,K07118
MAG_159,K03315
MAG_159,K06885
MAG_159,K12555
MAG_159,K01883
MAG_159,K02341
MAG_159,K03303
MAG_159,K01686
MAG_159,K03593
MAG_159,K22927
MAG_159,K01342
MAG_159,K03517
MAG_159,K00805
MAG_159,K01739
MAG_159,K15554
MAG_159,K01953
MAG_159,K01286
MAG_159,K03763
MAG_159,K03088
MAG_159,K09952
MAG_159,K12942
MAG_159,K03650
MAG_159,K00874
MAG_159,K02031
MAG_159,K11069
MAG_159,K18936
MAG_159,K18934
MAG_159,K07699
MAG_159,K00548
MAG_159,K07516
MAG_159,K00433
MAG_159,K06956
MAG_159,K06398
MAG_159,K07093
MAG_159,K03809
MAG_159,K05810
MAG_159,K05896
MAG_159,K06408
MAG_159,K00663
MAG_159,K20480
MAG_159,K03852
MAG_159,K06314
MAG_159,K00278
MAG_159,K03979
MAG_159,K01138
MAG_159,K00262
MAG_159,K02396
MAG_159,K02108
MAG_159,K00375
MAG_159,K00865
MAG_159,K08309
MAG_159,K14392
MAG_159,K01439
MAG_159,K09190
MAG_159,K11085
MAG_159,K07045
MAG_159,K03500
MAG_159,K00845
MAG_159,K07462
MAG_159,K04940
MAG_159,K01637
MAG_159,K01273
MAG_159,K05832
MAG_159,K05020
MAG_159,K01537
MAG_159,K18218
MAG_159,K06207
MAG_159,K02622
MAG_159,K01869
MAG_159,K14155
MAG_159,K06131
MAG_159,K01338
MAG_159,K11105
MAG_159,K03654
MAG_159,K21567
MAG_159,K01810
MAG_159,K06361
MAG_159,K03621
MAG_159,K04654
MAG_159,K06394
MAG_159,K00240
MAG_159,K06183
MAG_159,K07192
MAG_159,K12132
MAG_159,K01955
MAG_159,K02836
MAG_159,K06409
MAG_159,K06385
MAG_159,K01879
MAG_159,K11637
MAG_159,K01961
MAG_159,K01924
MAG_159,K01281
MAG_159,K23257
MAG_159,K03527
MAG_159,K04094
MAG_159,K01476
MAG_159,K13038
MAG_159,K06213
MAG_159,K01785
MAG_159,K01255
MAG_159,K07680
MAG_159,K00852
MAG_159,K00249
MAG_159,K02563
MAG_159,K07058
MAG_159,K07089
MAG_159,K08191
MAG_159,K03328
MAG_159,K03590
MAG_159,K02434
MAG_159,K03629
MAG_159,K09014
MAG_159,K22103
MAG_159,K01176
MAG_159,K01271
MAG_159,K13282
MAG_159,K00074
MAG_159,K19701
MAG_159,K00121
MAG_159,K02316
MAG_159,K00754
MAG_159,K00231
MAG_159,K03091
MAG_183,K05366
MAG_183,K01361
MAG_183,K02343
MAG_183,K01400
MAG_183,K04066
MAG_183,K03153
MAG_183,K01875
MAG_183,K03147
MAG_183,K03311
MAG_183,K01867
MAG_183,K01647
MAG_183,K07029
MAG_183,K03722
MAG_183,K15738
MAG_183,K13668
MAG_183,K03088
MAG_183,K13280
MAG_183,K01534
MAG_183,K13276
MAG_183,K03466
MAG_183,K06969
MAG_183,K02346
MAG_183,K00681
MAG_183,K00121
MAG_183,K02433
MAG_183,K01126
MAG_183,K01138
MAG_183,K02491
MAG_183,K01872
MAG_183,K00375
MAG_183,K01809
MAG_183,K03657
MAG_183,K00525
MAG_183,K13274
MAG_183,K01191
MAG_183,K03307
MAG_183,K03296
MAG_183,K00548
MAG_183,K11942
MAG_183,K00820
MAG_183,K12555
MAG_183,K01226
MAG_183,K03293
MAG_183,K02469
MAG_183,K05592
MAG_183,K01990
MAG_183,K00282
MAG_183,K03696
MAG_183,K15654
MAG_183,K08651
MAG_183,K07006
MAG_183,K00135
MAG_183,K03407
MAG_183,K03547
MAG_183,K03294
MAG_183,K03555
MAG_183,K18890
MAG_183,K01873
MAG_183,K07045
MAG_183,K01886
MAG_183,K00712
MAG_183,K01834
MAG_183,K03701
MAG_183,K04077
MAG_183,K16898
MAG_183,K04844
MAG_183,K03797
MAG_183,K07516
MAG_183,K03763
MAG_183,K06959
MAG_183,K03569
MAG_183,K03723
MAG_183,K08777
MAG_183,K03070
MAG_183,K01937
MAG_183,K03969
MAG_183,K01992
MAG_183,K01890
MAG_183,K09014
MAG_183,K01342
MAG_183,K02414
MAG_183,K06417
MAG_183,K00161
MAG_183,K06310
MAG_183,K02073
MAG_183,K06382
MAG_183,K02337
MAG_183,K03299
MAG_183,K16899
MAG_183,K08161
MAG_183,K02621
MAG_183,K01262
MAG_183,K09607
MAG_183,K06200
MAG_183,K13533
MAG_183,K01489
MAG_183,K11691
MAG_183,K01486
MAG_183,K01897
MAG_183,K21298
MAG_183,K12573
MAG_183,K01187
MAG_183,K01955
MAG_189,K04043
MAG_189,K03696
MAG_189,K02469
MAG_189,K02316
MAG_189,K00600
MAG_189,K01243
MAG_189,K01494
MAG_189,K01256
MAG_189,K01533
MAG_189,K01873
MAG_189,K10563
MAG_189,K01439
MAG_189,K02652
MAG_189,K01476
MAG_189,K02314
MAG_189,K23684
MAG_189,K01870
MAG_189,K01992
MAG_189,K06207
MAG_189,K00554
MAG_189,K03657
MAG_189,K02112
MAG_189,K00059
MAG_189,K01925
MAG_189,K03701
MAG_189,K02335
MAG_189,K00962
MAG_189,K03977
MAG_189,K01142
MAG_189,K01689
MAG_189,K02601
MAG_189,K01921
MAG_189,K01990
MAG_189,K01892
MAG_189,K01881
MAG_189,K01624
MAG_189,K03531
MAG_189,K07405
MAG_189,K18220
MAG_189,K09809
MAG_189,K01937
MAG_189,K02003
MAG_189,K06158
MAG_189,K03070
MAG_189,K03655
MAG_189,K00820
MAG_189,K02519
MAG_189,K01945
MAG_189,K01869
MAG_189,K01872
MAG_189,K01972
MAG_189,K02313
MAG_189,K03702
MAG_189,K18682
MAG_189,K02337
MAG_189,K03168
MAG_189,K03596
MAG_189,K01868
MAG_189,K01779
MAG_189,K01262
MAG_189,K01000
MAG_189,K01971
MAG_215,K02035
MAG_215,K16248
MAG_215,K11636
MAG_215,K07391
MAG_215,K18907
MAG_215,K00626
MAG_215,K01810
MAG_215,K02051
MAG_215,K07053
MAG_215,K00841
MAG_215,K06956
MAG_215,K02025
MAG_215,K22579
MAG_215,K07402
MAG_215,K04750
MAG_215,K05020
MAG_215,K07456
MAG_215,K00372
MAG_215,K17677
MAG_215,K13853
MAG_215,K18890
MAG_215,K01997
MAG_215,K02205
MAG_215,K05366
MAG_215,K06994
MAG_215,K07152
MAG_215,K03407
MAG_215,K03742
MAG_215,K00831
MAG_215,K06376
MAG_215,K01206
MAG_215,K06147
MAG_215,K01488
MAG_215,K23163
MAG_215,K01051
MAG_215,K14166
MAG_215,K00575
MAG_215,K06023
MAG_215,K16301
MAG_215,K06158
MAG_215,K07729
MAG_215,K06369
MAG_215,K00088
MAG_215,K01193
MAG_215,K01436
MAG_215,K16787
MAG_215,K13653
MAG_215,K02013
MAG_215,K06382
MAG_215,K03293
MAG_215,K07104
MAG_215,K21164
MAG_215,K13049
MAG_215,K00135
MAG_215,K01191
MAG_215,K01992
MAG_215,K15584
MAG_215,K01990
MAG_215,K03310
MAG_215,K06295
MAG_215,K00058
MAG_215,K06307
MAG_215,K00786
MAG_215,K00666
MAG_215,K12867
MAG_215,K02033
MAG_215,K01951
MAG_215,K23356
MAG_215,K01662
MAG_215,K03657
MAG_215,K01867
MAG_215,K08693
MAG_215,K00450
MAG_215,K01176
MAG_215,K21405
MAG_215,K06306
MAG_215,K07180
MAG_215,K11717
MAG_215,K01595
MAG_215,K12267
MAG_215,K02030
MAG_215,K21029
MAG_215,K01537
MAG_215,K13796
MAG_215,K03306
MAG_215,K02803
MAG_215,K02804
MAG_215,K06877
MAG_215,K08602
MAG_215,K02790
MAG_215,K02791
MAG_215,K17722
MAG_215,K01897
MAG_215,K05349
MAG_215,K00615
MAG_215,K01005
MAG_215,K01809
MAG_215,K07793
MAG_215,K03601
MAG_215,K00382
MAG_215,K03722
MAG_215,K02004
MAG_215,K19055
MAG_215,K22708
MAG_215,K03546
MAG_215,K01480
MAG_215,K02396
MAG_215,K23446
MAG_215,K08965
MAG_215,K07704
MAG_215,K02026
MAG_215,K01895
MAG_215,K18115
MAG_215,K23786
MAG_215,K06394
MAG_215,K10041
MAG_215,K00754
MAG_215,K06909
MAG_215,K00294
MAG_215,K03581
MAG_215,K07097
MAG_215,K07240
MAG_215,K01156
MAG_215,K08153
MAG_215,K01676
MAG_215,K02335
MAG_215,K01269
MAG_215,K03644
MAG_215,K01226
MAG_215,K09384
MAG_215,K01448
MAG_215,K05592
MAG_215,K02027
MAG_215,K00525
MAG_215,K08191
MAG_215,K03790
MAG_215,K01649
MAG_215,K03735
MAG_215,K04019
MAG_215,K06871
MAG_215,K01338
MAG_215,K07791
MAG_215,K06296
MAG_215,K02755
MAG_215,K02756
MAG_215,K02757
MAG_215,K06330
MAG_215,K03466
MAG_215,K03498
MAG_215,K07315
MAG_215,K02768
MAG_215,K02769
MAG_215,K02770
MAG_215,K20480
MAG_215,K07697
MAG_215,K19005
MAG_215,K06338
MAG_215,K03574
MAG_215,K05794
MAG_215,K03307
MAG_215,K00375
MAG_215,K00031
MAG_215,K01665
MAG_215,K16052
MAG_215,K06308
MAG_215,K01784
MAG_215,K05946
MAG_215,K07862
MAG_215,K01929
MAG_215,K05548
MAG_215,K02274
MAG_215,K01486
MAG_215,K07486
MAG_215,K11216
MAG_215,K06297
MAG_215,K13530
MAG_215,K06207
MAG_215,K07146
MAG_215,K16173
MAG_215,K07077
MAG_215,K07037
MAG_215,K11617
MAG_215,K03385
MAG_215,K07177
MAG_215,K07259
MAG_215,K03885
MAG_215,K08369
MAG_215,K01652
MAG_215,K07495
MAG_215,K00033
MAG_215,K11619
MAG_215,K02037
MAG_215,K06979
MAG_215,K00128
MAG_215,K04072
MAG_215,K02446
MAG_215,K20276
MAG_215,K11733
MAG_215,K00380
MAG_215,K07001
MAG_215,K03693
MAG_215,K01012
MAG_215,K01534
MAG_215,K03596
MAG_215,K03798
MAG_215,K02016
MAG_215,K01223
MAG_215,K00688
MAG_215,K01873
MAG_215,K16918
MAG_215,K02802
MAG_215,K01791
MAG_215,K01870
MAG_215,K01066
MAG_215,K12574
MAG_215,K01876
MAG_215,K03833
MAG_215,K06223
MAG_215,K02071
MAG_215,K02469
MAG_215,K07652
MAG_215,K08384
MAG_215,K10974
MAG_215,K03321
MAG_215,K00773
MAG_215,K21023
MAG_215,K01872
MAG_215,K03502
MAG_215,K01681
MAG_215,K03701
MAG_215,K19421
MAG_215,K03654
MAG_215,K03495
MAG_215,K11085
MAG_215,K03093
MAG_215,K17763
MAG_215,K02015
MAG_215,K09698
MAG_215,K01811
MAG_215,K02337
MAG_215,K02409
MAG_215,K07406
MAG_215,K12555
MAG_215,K20895
MAG_215,K15598
MAG_215,K02198
MAG_215,K00656
MAG_215,K03695
MAG_215,K00265
MAG_215,K00286
MAG_215,K00425
MAG_215,K01476
MAG_215,K11614
MAG_215,K05593
MAG_215,K07284
MAG_215,K03475
MAG_215,K10117
MAG_215,K03496
MAG_215,K00123
MAG_215,K01227
MAG_215,K19036
MAG_215,K09684
MAG_215,K07090
MAG_215,K09145
MAG_215,K00451
MAG_215,K01666
MAG_215,K02055
MAG_215,K14205
MAG_215,K02240
MAG_215,K00845
MAG_215,K03797
MAG_215,K15856
MAG_215,K07282
MAG_215,K03655
MAG_215,K03979
MAG_215,K01556
MAG_215,K16898
MAG_215,K06390
MAG_215,K01754
MAG_215,K00948
MAG_215,K09607
MAG_215,K03556
MAG_215,K01843
MAG_215,K07137
MAG_215,K05988
MAG_215,K03531
MAG_215,K18166
MAG_215,K05499
MAG_215,K00260
MAG_215,K03303
MAG_215,K01118
MAG_215,K01966
MAG_215,K08981
MAG_215,K01835
MAG_215,K03763
MAG_215,K15928
MAG_215,K02775
MAG_215,K03624
MAG_215,K16169
MAG_215,K06201
MAG_215,K04061
MAG_215,K01409
MAG_215,K00639
MAG_215,K02412
MAG_215,K11752
MAG_215,K01610
MAG_215,K01907
MAG_215,K02316
MAG_215,K06942
MAG_215,K03800
MAG_215,K17836
MAG_215,K14977
MAG_215,K19954
MAG_215,K00958
MAG_215,K02491
MAG_215,K00472
MAG_215,K01869
MAG_215,K14696
MAG_215,K00686
MAG_215,K08963
MAG_215,K00318
MAG_215,K07718
MAG_215,K10036
MAG_215,K01443
MAG_215,K23262
MAG_215,K01567
MAG_215,K00130
MAG_215,K01916
MAG_215,K12941
MAG_215,K03699
MAG_215,K09471
MAG_215,K07691
MAG_215,K06937
MAG_215,K17686
MAG_215,K00164
MAG_215,K18581
MAG_215,K22129
MAG_215,K02563
MAG_215,K01138
MAG_215,K01953
MAG_215,K11535
MAG_215,K02827
MAG_215,K03716
MAG_215,K13281
MAG_215,K20131
MAG_215,K17318
MAG_215,K11707
MAG_215,K10188
MAG_215,K08222
MAG_215,K05989
MAG_215,K08282
MAG_215,K04091
MAG_215,K06902
MAG_215,K03893
MAG_215,K06901
MAG_215,K01255
MAG_215,K01462
MAG_215,K00036
MAG_215,K15633
MAG_215,K01740
MAG_215,K02182
MAG_215,K02476
MAG_215,K01266
MAG_215,K10441
MAG_215,K01142
MAG_215,K00102
MAG_215,K07148
MAG_215,K21350
MAG_215,K01703
MAG_215,K03723
MAG_215,K20459
MAG_215,K09003
MAG_215,K02846
MAG_215,K19225
MAG_215,K17319
MAG_215,K07816
MAG_215,K01989
MAG_215,K21159
MAG_215,K01886
MAG_215,K08194
MAG_215,K02042
MAG_215,K00783
MAG_215,K01961
MAG_215,K03168
MAG_215,K00820
MAG_215,K07117
MAG_215,K12454
MAG_215,K02011
MAG_215,K10217
MAG_215,K01620
MAG_215,K00140
MAG_215,K02433
MAG_215,K01887
MAG_215,K02103
MAG_215,K05792
MAG_215,K00854
MAG_215,K00547
MAG_215,K00548
MAG_215,K01926
MAG_215,K01739
MAG_215,K09955
MAG_215,K08651
MAG_215,K02083
MAG_215,K01971
MAG_215,K00433
MAG_215,K05772
MAG_215,K04079
MAG_215,K03781
MAG_215,K00648
MAG_215,K03545
MAG_215,K04066
MAG_215,K01222
MAG_215,K01624
MAG_215,K06398
MAG_215,K00134
MAG_215,K00355
MAG_215,K03296
MAG_215,K00239
MAG_215,K00362
MAG_215,K00406
MAG_215,K10542
MAG_215,K16960
MAG_215,K07399
MAG_215,K23107
MAG_215,K02400
MAG_215,K08217
MAG_215,K10681
MAG_215,K03522
MAG_215,K01890
MAG_215,K07776
MAG_215,K18104
MAG_215,K06408
MAG_215,K01958
MAG_215,K11686
MAG_215,K14052
MAG_215,K00864
MAG_215,K00282
MAG_215,K00563
MAG_215,K07516
MAG_215,K03924
MAG_215,K01482
MAG_215,K00024
MAG_215,K00013
MAG_215,K11928
MAG_215,K09136
MAG_215,K00116
MAG_215,K17734
MAG_215,K03294
MAG_215,K02381
MAG_215,K03719
MAG_215,K03697
MAG_215,K01361
MAG_215,K00925
MAG_215,K08368
MAG_215,K11751
MAG_215,K01478
MAG_215,K01999
MAG_215,K01207
MAG_215,K02575
MAG_215,K00941
MAG_215,K05568
MAG_215,K03469
MAG_215,K01467
MAG_215,K07814
MAG_215,K04561
MAG_215,K01847
MAG_215,K01744
MAG_215,K07462
MAG_215,K01426
MAG_215,K07778
MAG_215,K00763
MAG_215,K10112
MAG_215,K01187
MAG_215,K01921
MAG_215,K07692
MAG_215,K02232
MAG_215,K03488
MAG_215,K01474
MAG_215,K00500
MAG_215,K01457
MAG_215,K01696
MAG_215,K00789
MAG_215,K10010
MAG_215,K07696
MAG_215,K07149
MAG_215,K01874
MAG_215,K20444
MAG_215,K08994
MAG_215,K00975
MAG_215,K05565
MAG_215,K00962
MAG_215,K01955
MAG_215,K06949
MAG_215,K21468
MAG_215,K06976
MAG_215,K03789
MAG_215,K03762
MAG_215,K08679
MAG_215,K02243
MAG_215,K05299
MAG_215,K07246
MAG_215,K01687
MAG_215,K16786
MAG_215,K07038
MAG_215,K14338
MAG_215,K01755
MAG_215,K07734
MAG_215,K13566
MAG_215,K00040
MAG_215,K07552
MAG_215,K22927
MAG_215,K21064
MAG_215,K03593
MAG_215,K06312
MAG_215,K02172
MAG_215,K03555
MAG_215,K16247
MAG_215,K03169
MAG_215,K12573
MAG_215,K07487
MAG_215,K02796
MAG_215,K23257
MAG_215,K04043
MAG_215,K01308
MAG_215,K08224
MAG_215,K01069
MAG_215,K22187
MAG_215,K21464
MAG_215,K03977
MAG_215,K21613
MAG_215,K01126
MAG_215,K02565
MAG_215,K00249
MAG_215,K11250
MAG_215,K01497
MAG_215,K01779
MAG_215,K01893
MAG_215,K16053
MAG_215,K00274
MAG_215,K15975
MAG_215,K00756
MAG_215,K01424
MAG_215,K21959
MAG_274,K02027
MAG_274,K01308
MAG_274,K19267
MAG_274,K23269
MAG_274,K11625
MAG_274,K03723
MAG_274,K01875
MAG_274,K06994
MAG_274,K03319
MAG_274,K06147
MAG_274,K02068
MAG_274,K11752
MAG_274,K00135
MAG_274,K07259
MAG_274,K10027
MAG_274,K02478
MAG_274,K01813
MAG_274,K01679
MAG_274,K07399
MAG_274,K03466
MAG_274,K00931
MAG_274,K00077
MAG_274,K01426
MAG_274,K06398
MAG_274,K15633
MAG_274,K02396
MAG_274,K06158
MAG_274,K01436
MAG_274,K20117
MAG_274,K20118
MAG_274,K04771
MAG_274,K07444
MAG_274,K11737
MAG_274,K01992
MAG_274,K03168
MAG_274,K01486
MAG_274,K02055
MAG_274,K01887
MAG_274,K00675
MAG_274,K01439
MAG_274,K03628
MAG_274,K08969
MAG_274,K01760
MAG_274,K01662
MAG_274,K03387
MAG_274,K09698
MAG_274,K01223
MAG_274,K01953
MAG_274,K03321
MAG_274,K01209
MAG_274,K01890
MAG_274,K09786
MAG_274,K01872
MAG_274,K01226
MAG_274,K17733
MAG_274,K03701
MAG_274,K02548
MAG_274,K00467
MAG_274,K03790
MAG_274,K21023
MAG_274,K00849
MAG_274,K18707
MAG_274,K03043
MAG_274,K05845
MAG_274,K03545
MAG_274,K03284
MAG_274,K01868
MAG_274,K07258
MAG_274,K01138
MAG_274,K00058
MAG_274,K11707
MAG_274,K18345
MAG_274,K17686
MAG_274,K05366
MAG_274,K01814
MAG_274,K14640
MAG_274,K03698
MAG_274,K06284
MAG_274,K11535
MAG_274,K00791
MAG_274,K02499
MAG_274,K02837
MAG_274,K01895
MAG_274,K06306
MAG_274,K00865
MAG_274,K01005
MAG_274,K01681
MAG_274,K02071
MAG_274,K20116
MAG_274,K02010
MAG_274,K11753
MAG_274,K01756
MAG_274,K02337
MAG_274,K05813
MAG_274,K07097
MAG_274,K22927
MAG_274,K04773
MAG_274,K01258
MAG_274,K03547
MAG_274,K00260
MAG_274,K02335
MAG_274,K10112
MAG_274,K12574
MAG_274,K00208
MAG_274,K20534
MAG_274,K18198
MAG_274,K02111
MAG_274,K06213
MAG_274,K01081
MAG_274,K21471
MAG_274,K01809
MAG_274,K03611
MAG_274,K11754
MAG_274,K00773
MAG_274,K01358
MAG_274,K12941
MAG_274,K02244
MAG_274,K06180
MAG_274,K19426
MAG_274,K06415
MAG_274,K07248
MAG_274,K01990
MAG_274,K02846
MAG_274,K21929
MAG_274,K00433
MAG_274,K12257
MAG_274,K06956
MAG_274,K19225
MAG_274,K11629
MAG_274,K01101
MAG_274,K03555
MAG_274,K03699
MAG_274,K03106
MAG_274,K16012
MAG_274,K01119
MAG_274,K00027
MAG_274,K03722
MAG_274,K01740
MAG_274,K02341
MAG_274,K03588
MAG_274,K02424
MAG_274,K00625
MAG_274,K00491
MAG_274,K01874
MAG_274,K03449
MAG_274,K02799
MAG_274,K02800
MAG_274,K01585
MAG_274,K03787
MAG_274,K00231
MAG_274,K02073
MAG_274,K01924
MAG_274,K19689
MAG_274,K07180
MAG_274,K00848
MAG_274,K15986
MAG_274,K18692
MAG_274,K02347
MAG_274,K01710
MAG_274,K02250
MAG_274,K00821
MAG_274,K02238
MAG_274,K03596
MAG_274,K00864
MAG_274,K06399
MAG_274,K03657
MAG_274,K01870
MAG_274,K21064
MAG_274,K07246
MAG_274,K05896
MAG_274,K03322
MAG_274,K00005
MAG_274,K03320
MAG_274,K02035
MAG_274,K20938
MAG_274,K10979
MAG_274,K13853
MAG_274,K01222
MAG_274,K02016
MAG_274,K02013
MAG_274,K01174
MAG_274,K00602
MAG_274,K01876
MAG_274,K03569
MAG_274,K03406
MAG_274,K01620
MAG_274,K07335
MAG_274,K21464
MAG_274,K01269
MAG_274,K06377
MAG_274,K03316
MAG_274,K00819
MAG_274,K02519
MAG_274,K00294
MAG_274,K01958
MAG_274,K02313
MAG_274,K01232
MAG_274,K01657
MAG_274,K01937
MAG_274,K00382
MAG_274,K03088
MAG_274,K03070
MAG_274,K00003
MAG_274,K01839
MAG_274,K14445
MAG_274,K01190
MAG_274,K00010
MAG_274,K00851
MAG_274,K10038
MAG_274,K02492
MAG_274,K03298
MAG_274,K00283
MAG_274,K07030
MAG_274,K03574
MAG_274,K03151
MAG_274,K05786
MAG_274,K02044
MAG_274,K05847
MAG_274,K01537
MAG_274,K18979
MAG_274,K01951
MAG_274,K11617
MAG_274,K18682
MAG_274,K17758
MAG_274,K17759
MAG_274,K03495
MAG_274,K05823
MAG_274,K03299
MAG_274,K01784
MAG_274,K02622
MAG_274,K11733
MAG_274,K03697
MAG_274,K06978
MAG_274,K11616
MAG_274,K19955
MAG_274,K08602
MAG_274,K16216
MAG_274,K03817
MAG_274,K01448
MAG_274,K00031
MAG_274,K07037
MAG_274,K06118
MAG_274,K03480
MAG_274,K07177
MAG_274,K02000
MAG_274,K00962
MAG_274,K00009
MAG_274,K11614
MAG_274,K02015
MAG_274,K05565
MAG_274,K03575
MAG_274,K03885
MAG_274,K00354
MAG_274,K19005
MAG_274,K04066
MAG_274,K02529
MAG_274,K00663
MAG_274,K04486
MAG_292,K11102
MAG_292,K03798
MAG_292,K03529
MAG_292,K09607
MAG_292,K01873
MAG_292,K02315
MAG_292,K01681
MAG_292,K11927
MAG_292,K16898
MAG_292,K06182
MAG_292,K01805
MAG_292,K09014
MAG_292,K03293
MAG_292,K07497
MAG_292,K00265
MAG_292,K01756
MAG_292,K00121
MAG_292,K07177
MAG_292,K07516
MAG_292,K15771
MAG_292,K00382
MAG_292,K03466
MAG_292,K00003
MAG_292,K03802
MAG_292,K21298
MAG_292,K00525
MAG_292,K08676
MAG_292,K06969
MAG_292,K18890
MAG_292,K04091
MAG_292,K01915
MAG_292,K00548
MAG_292,K07729
MAG_292,K03722
MAG_292,K02004
MAG_292,K01992
MAG_292,K17734
MAG_292,K16210
MAG_292,K20486
MAG_292,K07462
MAG_292,K14647
MAG_292,K12573
MAG_292,K00059
MAG_292,K14052
MAG_292,K17763
MAG_292,K01999
MAG_292,K03088
MAG_292,K13280
MAG_292,K03763
MAG_292,K02407
MAG_292,K08282
MAG_292,K07090
MAG_292,K01953
MAG_292,K01785
MAG_292,K07282
MAG_292,K15524
MAG_292,K06295
MAG_292,K01652
MAG_292,K03324
MAG_292,K06153
MAG_292,K02337
MAG_292,K08777
MAG_292,K02343
MAG_292,K01113
MAG_292,K06307
MAG_292,K07006
MAG_292,K05568
MAG_292,K03296
MAG_292,K07004
MAG_292,K21468
MAG_292,K07039
MAG_292,K08602
MAG_292,K01066
MAG_292,K07093
MAG_292,K01465
MAG_292,K01955
MAG_292,K01958
MAG_292,K07474
MAG_292,K04343
MAG_292,K07181
MAG_292,K01843
MAG_292,K00010
MAG_292,K00820
MAG_292,K00971
MAG_292,K00164
MAG_292,K01784
MAG_292,K03308
MAG_292,K07180
MAG_292,K21467
MAG_292,K02986
MAG_292,K03833
MAG_292,K05349
MAG_292,K01893
MAG_292,K07775
MAG_292,K03205
MAG_292,K05565
MAG_292,K01218
MAG_292,K01138
MAG_292,K03657
MAG_292,K13533
MAG_292,K00986
MAG_292,K18682
MAG_292,K01580
MAG_292,K03406
MAG_292,K03546
MAG_292,K01207
MAG_292,K07037
MAG_292,K13985
MAG_292,K05366
MAG_292,K03742
MAG_292,K06417
MAG_292,K02016
MAG_292,K03215
MAG_292,K00491
MAG_292,K01872
MAG_292,K03555
MAG_292,K02316
MAG_292,K18231
MAG_294,K06956
MAG_294,K05311
MAG_294,K00004
MAG_294,K13566
MAG_294,K03800
MAG_294,K13796
MAG_294,K00754
MAG_294,K03070
MAG_294,K01005
MAG_294,K21469
MAG_294,K00239
MAG_294,K02483
MAG_294,K06919
MAG_294,K16899
MAG_294,K07145
MAG_294,K00612
MAG_294,K11617
MAG_294,K03545
MAG_294,K02484
MAG_294,K06959
MAG_294,K03387
MAG_294,K02835
MAG_294,K01879
MAG_294,K03527
MAG_294,K06118
MAG_294,K02341
MAG_294,K02519
MAG_294,K18979
MAG_294,K00821
MAG_294,K21567
MAG_294,K19426
MAG_294,K06147
MAG_294,K05896
MAG_294,K09607
MAG_294,K06949
MAG_294,K03483
MAG_294,K00876
MAG_294,K03529
MAG_294,K03088
MAG_294,K01804
MAG_294,K16199
MAG_294,K00965
MAG_294,K02239
MAG_294,K03654
MAG_294,K22136
MAG_294,K19689
MAG_294,K03628
MAG_294,K03321
MAG_294,K01436
MAG_294,K03296
MAG_294,K16012
MAG_294,K03657
MAG_294,K01448
MAG_294,K17734
MAG_294,K10563
MAG_294,K16787
MAG_294,K03151
MAG_294,K07217
MAG_294,K08317
MAG_294,K07315
MAG_294,K03790
MAG_294,K07030
MAG_294,K02054
MAG_294,K02036
MAG_294,K02986
MAG_294,K10188
MAG_294,K02827
MAG_294,K09015
MAG_294,K05540
MAG_294,K03502
MAG_294,K23269
MAG_294,K02434
MAG_294,K02073
MAG_294,K05989
MAG_294,K02083
MAG_294,K11904
MAG_294,K07566
MAG_294,K00951
MAG_294,K08483
MAG_294,K01992
MAG_294,K04074
MAG_294,K14640
MAG_294,K01489
MAG_294,K01547
MAG_294,K07118
MAG_294,K01928
MAG_294,K01893
MAG_294,K10036
MAG_294,K17228
MAG_294,K00088
MAG_294,K07636
MAG_294,K04486
MAG_294,K02347
MAG_294,K15738
MAG_294,K10536
MAG_294,K01911
MAG_294,K03320
MAG_294,K15660
MAG_294,K14155
MAG_294,K02004
MAG_294,K03722
MAG_294,K08316
MAG_294,K03294
MAG_294,K04487
MAG_294,K01426
MAG_294,K16235
MAG_294,K04769
MAG_294,K15654
MAG_294,K00797
MAG_294,K03466
MAG_294,K00375
MAG_294,K03406
MAG_294,K02499
MAG_294,K02552
MAG_294,K09816
MAG_294,K20276
MAG_294,K01873
MAG_294,K01870
MAG_294,K13038
MAG_294,K21285
MAG_294,K08289
MAG_294,K01791
MAG_294,K15256
MAG_294,K18890
MAG_294,K02404
MAG_294,K07240
MAG_294,K02500
MAG_294,K10559
MAG_294,K15655
MAG_294,K00058
MAG_294,K12308
MAG_294,K05349
MAG_294,K17216
MAG_294,K00927
MAG_294,K02033
MAG_294,K01589
MAG_294,K02343
MAG_294,K00318
MAG_294,K03436
MAG_294,K08301
MAG_294,K03629
MAG_294,K01895
MAG_294,K00763
MAG_294,K02011
MAG_294,K18926
MAG_294,K05823
MAG_294,K03596
MAG_294,K00003
MAG_294,K11085
MAG_294,K06384
MAG_294,K03798
MAG_294,K02551
MAG_294,K01465
MAG_294,K02775
MAG_294,K07058
MAG_294,K06415
MAG_294,K07652
MAG_294,K00858
MAG_294,K03701
MAG_294,K20938
MAG_294,K01066
MAG_294,K00681
MAG_294,K01918
MAG_294,K18115
MAG_294,K03551
MAG_294,K01222
MAG_294,K04773
MAG_294,K03407
MAG_294,K01209
MAG_294,K01182
MAG_294,K19286
MAG_294,K01649
MAG_294,K00059
MAG_294,K00790
MAG_294,K01971
MAG_294,K00104
MAG_294,K13611
MAG_294,K12941
MAG_294,K01269
MAG_294,K06199
MAG_294,K03431
MAG_294,K21493
MAG_294,K00851
MAG_294,K00282
MAG_294,K02755
MAG_294,K02756
MAG_294,K02757
MAG_294,K03569
MAG_294,K01955
MAG_294,K00819
MAG_294,K22927
MAG_294,K12555
MAG_294,K06213
MAG_294,K01338
MAG_294,K23257
MAG_294,K19577
MAG_294,K06386
MAG_294,K06180
MAG_294,K03697
MAG_294,K03043
MAG_294,K12962
MAG_294,K06158
MAG_294,K00491
MAG_294,K01868
MAG_294,K07304
MAG_294,K11072
MAG_294,K01835
MAG_294,K01810
MAG_294,K01258
MAG_294,K01610
MAG_294,K01687
MAG_294,K01958
MAG_294,K06361
MAG_294,K03307
MAG_294,K09014
MAG_294,K01925
MAG_294,K02424
MAG_294,K03590
MAG_294,K01138
MAG_294,K01223
MAG_294,K01776
MAG_294,K05275
MAG_294,K02015
MAG_294,K01247
MAG_294,K11709
MAG_294,K03322
MAG_294,K07809
MAG_294,K09679
MAG_294,K15771
MAG_294,K10027
MAG_294,K07456
MAG_294,K20117
MAG_294,K20118
MAG_294,K03797
MAG_294,K03784
MAG_294,K00931
MAG_294,K00874
MAG_294,K07651
MAG_294,K02027
MAG_294,K01625
MAG_294,K03699
MAG_294,K03705
MAG_294,K01951
MAG_294,K07399
MAG_294,K01421
MAG_294,K03696
MAG_294,K03609
MAG_294,K00382
MAG_294,K21140
MAG_294,K01845
MAG_294,K00991
MAG_294,K00620
MAG_294,K06595
MAG_294,K02038
MAG_294,K00260
MAG_294,K01308
MAG_294,K01872
MAG_294,K19285
MAG_294,K00166
MAG_294,K01892
MAG_294,K02469
MAG_294,K07407
MAG_294,K00020
MAG_294,K02357
MAG_294,K15656
MAG_294,K01179
MAG_294,K07124
MAG_294,K01916
MAG_294,K01708
MAG_294,K00027
MAG_294,K00525
MAG_294,K03601
MAG_294,K02026
MAG_294,K13614
MAG_294,K03546
MAG_294,K17758
MAG_294,K17759
MAG_294,K03893
MAG_294,K02337
MAG_294,K01486
MAG_294,K00766
MAG_294,K01262
MAG_294,K16703
MAG_294,K02557
MAG_294,K07448
MAG_294,K01342
MAG_294,K07029
MAG_294,K11733
MAG_294,K00764
MAG_294,K03046
MAG_294,K05845
MAG_294,K05846
MAG_294,K01869
MAG_294,K04043
MAG_294,K00925
MAG_294,K02526
MAG_294,K11749
MAG_294,K00263
MAG_294,K07246
MAG_294,K03924
MAG_294,K01924
MAG_294,K01883
MAG_294,K05794
MAG_294,K02502
MAG_294,K11625
MAG_294,K01890
MAG_294,K18707
MAG_294,K18104
MAG_294,K01915
MAG_294,K00121
MAG_294,K21393
MAG_294,K05808
MAG_294,K11632
MAG_294,K10210
MAG_294,K03547
MAG_294,K07258
MAG_294,K03306
MAG_294,K21929
MAG_294,K19349
MAG_294,K01963
MAG_294,K06436
MAG_294,K06398
MAG_294,K07052
MAG_294,K01689
MAG_294,K03168
MAG_294,K18398
MAG_294,K01513
MAG_294,K09822
MAG_294,K02055
MAG_294,K00986
MAG_294,K03723
MAG_294,K00648
MAG_294,K02244
MAG_294,K01937
MAG_294,K00773
MAG_294,K00632
MAG_294,K01703
MAG_294,K00864
MAG_294,K01119
MAG_294,K12132
MAG_294,K02437
MAG_294,K17828
MAG_294,K02837
MAG_294,K06408
MAG_294,K06920
MAG_294,K01679
MAG_294,K07032
MAG_294,K07004
MAG_294,K02316
MAG_294,K00265
MAG_294,K15663
MAG_294,K01681
MAG_294,K00641
MAG_294,K09458
MAG_294,K01361
MAG_294,K21464
MAG_294,K01118
MAG_294,K03781
MAG_294,K02051
MAG_294,K13730
MAG_294,K15585
MAG_294,K15986
MAG_294,K15667
MAG_294,K13010
MAG_294,K05816
MAG_294,K10117
MAG_294,K01953
MAG_294,K06994
MAG_294,K01537
MAG_294,K00285
MAG_294,K06019
MAG_294,K12444
MAG_294,K01190
MAG_294,K01174
MAG_294,K13853
MAG_294,K02476
MAG_294,K01839
MAG_294,K02796
MAG_294,K02931
MAG_294,K08217
MAG_294,K06417
MAG_294,K01990
MAG_294,K00283
MAG_294,K10907
MAG_294,K01698
MAG_294,K08177
MAG_294,K01439
MAG_294,K00941
MAG_294,K06012
MAG_294,K07148
MAG_294,K00344
MAG_294,K01809
MAG_294,K01814
MAG_294,K03299
MAG_294,K18929
MAG_294,K03455
MAG_294,K00158
MAG_294,K17763
MAG_294,K07497
MAG_294,K01876
MAG_294,K00231
MAG_294,K03693
MAG_294,K00384
MAG_294,K00791
MAG_294,K20534
MAG_294,K02523
MAG_294,K16898
MAG_294,K06075
MAG_294,K01874
MAG_294,K07533
MAG_294,K00873
MAG_294,K08969
MAG_294,K07090
MAG_294,K11050
MAG_294,K01823
MAG_294,K00131
MAG_294,K01760
MAG_294,K03655
MAG_294,K03980
MAG_294,K00847
MAG_294,K07403
MAG_294,K00075
MAG_294,K01474
MAG_294,K03100
MAG_294,K02418
MAG_294,K03742
MAG_294,K06978
MAG_294,K01926
MAG_294,K18067
MAG_294,K04091
MAG_294,K00663
MAG_294,K02111
MAG_294,K19005
MAG_294,K00962
MAG_294,K14540
MAG_294,K07478
MAG_294,K11144
MAG_294,K06394
MAG_294,K01515
MAG_294,K03763
MAG_294,K00164
MAG_294,K20332
MAG_294,K01889
MAG_318,K07652
MAG_318,K13924
MAG_318,K01652
MAG_318,K01739
MAG_318,K10778
MAG_318,K14166
MAG_318,K20534
MAG_318,K00003
MAG_318,K15976
MAG_318,K03601
MAG_318,K03527
MAG_318,K02051
MAG_318,K06324
MAG_318,K01890
MAG_318,K00059
MAG_318,K00036
MAG_318,K00090
MAG_318,K01465
MAG_318,K00962
MAG_318,K08602
MAG_318,K00965
MAG_318,K07035
MAG_318,K03521
MAG_318,K00851
MAG_318,K03723
MAG_318,K19003
MAG_318,K03491
MAG_318,K02316
MAG_318,K16705
MAG_318,K02035
MAG_318,K00425
MAG_318,K00867
MAG_318,K07030
MAG_318,K05847
MAG_318,K09015
MAG_318,K03644
MAG_318,K02238
MAG_318,K01473
MAG_318,K06994
MAG_318,K03595
MAG_318,K13979
MAG_318,K03455
MAG_318,K01569
MAG_318,K01744
MAG_318,K01955
MAG_318,K06200
MAG_318,K12555
MAG_318,K22230
MAG_318,K06901
MAG_318,K03168
MAG_318,K03631
MAG_318,K02502
MAG_318,K06359
MAG_318,K20333
MAG_318,K03449
MAG_318,K00925
MAG_318,K00034
MAG_318,K19549
MAG_318,K03320
MAG_318,K11632
MAG_318,K00694
MAG_318,K03328
MAG_318,K22044
MAG_318,K00927
MAG_318,K08693
MAG_318,K01537
MAG_318,K01775
MAG_318,K13533
MAG_318,K00294
MAG_318,K00763
MAG_318,K02493
MAG_318,K01971
MAG_318,K00359
MAG_318,K19220
MAG_318,K01447
MAG_318,K00077
MAG_318,K12574
MAG_318,K11637
MAG_318,K02036
MAG_318,K07177
MAG_318,K08483
MAG_318,K03466
MAG_318,K01610
MAG_318,K06941
MAG_318,K06714
MAG_318,K01990
MAG_318,K08223
MAG_318,K06889
MAG_318,K03321
MAG_318,K22278
MAG_318,K01647
MAG_318,K18653
MAG_318,K23257
MAG_318,K01835
MAG_318,K04043
MAG_318,K01421
MAG_318,K08316
MAG_318,K07406
MAG_318,K07098
MAG_318,K01179
MAG_318,K14205
MAG_318,K11440
MAG_318,K03698
MAG_318,K03446
MAG_318,K00692
MAG_318,K01679
MAG_318,K07396
MAG_318,K16899
MAG_318,K01869
MAG_318,K14647
MAG_318,K03293
MAG_318,K03151
MAG_318,K06131
MAG_318,K01953
MAG_318,K01223
MAG_318,K06298
MAG_318,K03979
MAG_318,K16137
MAG_318,K23138
MAG_318,K01624
MAG_318,K00928
MAG_318,K03310
MAG_318,K17732
MAG_318,K01872
MAG_318,K05350
MAG_318,K21468
MAG_318,K07335
MAG_318,K00375
MAG_318,K02768
MAG_318,K02769
MAG_318,K02770
MAG_318,K18889
MAG_318,K03294
MAG_318,K04567
MAG_318,K00878
MAG_318,K03722
MAG_318,K05568
MAG_318,K09684
MAG_318,K06402
MAG_318,K23786
MAG_318,K05020
MAG_318,K04066
MAG_318,K07152
MAG_318,K06133
MAG_318,K00626
MAG_318,K00382
MAG_318,K01740
MAG_318,K03750
MAG_318,K02782
MAG_318,K02783
MAG_318,K00384
MAG_318,K03488
MAG_318,K14445
MAG_318,K16787
MAG_318,K06369
MAG_318,K00265
MAG_318,K01685
MAG_318,K08093
MAG_318,K01198
MAG_318,K18707
MAG_318,K03316
MAG_318,K01992
MAG_318,K06147
MAG_318,K06408
MAG_318,K14052
MAG_318,K02058
MAG_318,K01443
MAG_318,K03781
MAG_318,K21023
MAG_318,K02495
MAG_318,K18692
MAG_318,K00873
MAG_318,K07478
MAG_318,K02016
MAG_318,K02005
MAG_318,K10844
MAG_318,K01657
MAG_318,K15256
MAG_318,K02337
MAG_318,K01209
MAG_318,K00128
MAG_318,K01951
MAG_318,K21567
MAG_318,K07651
MAG_318,K06905
MAG_318,K03572
MAG_318,K06436
MAG_318,K11691
MAG_318,K12573
MAG_318,K20480
MAG_318,K03621
MAG_318,K00263
MAG_318,K11640
MAG_318,K08981
MAG_318,K03147
MAG_318,K07180
MAG_318,K06305
MAG_318,K01879
MAG_318,K08139
MAG_318,K09458
MAG_318,K00121
MAG_318,K16957
MAG_318,K00839
MAG_318,K03215
MAG_318,K02414
MAG_318,K01222
MAG_318,K03475
MAG_318,K02525
MAG_318,K01709
MAG_318,K06350
MAG_318,K03700
MAG_318,K01883
MAG_318,K00283
MAG_318,K01258
MAG_318,K11737
MAG_318,K00627
MAG_318,K00951
MAG_318,K11991
MAG_318,K06213
MAG_318,K01810
MAG_318,K07704
MAG_318,K08194
MAG_318,K01012
MAG_318,K01271
MAG_318,K02000
MAG_318,K16898
MAG_318,K01895
MAG_318,K13274
MAG_318,K02335
MAG_318,K00639
MAG_318,K22579
MAG_318,K08164
MAG_318,K03070
MAG_318,K10439
MAG_318,K00764
MAG_318,K02071
MAG_318,K18115
MAG_318,K01938
MAG_318,K01921
MAG_318,K02809
MAG_318,K02810
MAG_318,K05896
MAG_318,K00147
MAG_318,K01665
MAG_318,K06394
MAG_318,K01958
MAG_318,K00525
MAG_318,K19302
MAG_318,K01286
MAG_318,K06158
MAG_318,K06438
MAG_318,K03407
MAG_318,K22927
MAG_318,K02363
MAG_318,K01299
MAG_318,K06295
MAG_318,K01887
MAG_318,K00549
MAG_318,K08302
MAG_318,K13532
MAG_318,K16199
MAG_318,K01046
MAG_318,K16235
MAG_318,K03106
MAG_318,K01804
MAG_318,K05845
MAG_318,K05846
MAG_318,K01839
MAG_318,K00662
MAG_318,K21464
MAG_318,K01897
MAG_318,K15532
MAG_318,K00459
MAG_318,K03654
MAG_318,K06322
MAG_318,K00249
MAG_318,K06959
MAG_318,K05565
MAG_318,K00958
MAG_318,K03092
MAG_318,K14338
MAG_318,K07720
MAG_318,K05346
MAG_318,K10218
MAG_318,K17318
MAG_318,K03657
MAG_318,K02647
MAG_318,K03406
MAG_318,K06382
MAG_318,K18770
MAG_318,K19548
MAG_318,K10441
MAG_318,K03828
MAG_318,K15584
MAG_318,K10440
MAG_318,K11085
MAG_318,K02015
MAG_318,K02551
MAG_318,K17315
MAG_318,K03346
MAG_318,K07148
MAG_318,K02004
MAG_318,K02424
MAG_318,K04771
MAG_318,K01081
MAG_318,K06877
MAG_318,K15586
MAG_318,K01720
MAG_318,K01738
MAG_318,K07399
MAG_318,K00164
MAG_318,K00013
MAG_318,K01845
MAG_318,K09699
MAG_318,K02621
MAG_318,K02775
MAG_318,K06313
MAG_318,K03529
MAG_318,K03701
MAG_318,K03798
MAG_318,K02052
MAG_318,K01966
MAG_318,K07516
MAG_318,K00548
MAG_318,K06290
MAG_318,K08153
MAG_318,K00027
MAG_318,K00231
MAG_318,K00015
MAG_318,K03299
MAG_318,K00800
MAG_318,K01812
MAG_318,K00031
MAG_318,K02274
MAG_318,K07506
MAG_318,K13611
MAG_318,K02243
MAG_318,K01262
MAG_318,K01077
MAG_318,K00588
MAG_318,K11068
MAG_318,K03581
MAG_318,K00974
MAG_318,K04076
MAG_318,K00756
MAG_318,K01255
MAG_318,K13745
MAG_318,K04091
MAG_318,K03336
MAG_318,K00854
MAG_318,K19267
MAG_318,K00362
MAG_318,K16786
MAG_318,K01476
MAG_318,K18682
MAG_318,K11754
MAG_318,K21465
MAG_318,K01654
MAG_318,K03545
MAG_318,K02548
MAG_318,K01308
MAG_322,K02016
MAG_322,K01953
MAG_322,K00117
MAG_322,K03316
MAG_322,K09136
MAG_322,K01299
MAG_322,K02227
MAG_322,K08867
MAG_322,K01083
MAG_322,K01703
MAG_322,K19285
MAG_322,K03665
MAG_322,K01869
MAG_322,K01840
MAG_322,K03639
MAG_322,K06153
MAG_322,K01515
MAG_322,K02536
MAG_322,K15449
MAG_322,K07477
MAG_322,K09523
MAG_322,K13589
MAG_322,K04720
MAG_322,K04479
MAG_322,K00053
MAG_322,K03546
MAG_322,K01768
MAG_322,K10726
MAG_322,K09705
MAG_322,K21430
MAG_322,K01887
MAG_322,K13993
MAG_322,K10896
MAG_322,K03671
MAG_322,K01091
MAG_322,K01858
MAG_322,K00796
MAG_322,K20215
MAG_322,K02433
MAG_322,K01622
MAG_322,K01784
MAG_322,K03110
MAG_322,K06888
MAG_322,K09932
MAG_322,K00826
MAG_322,K01133
MAG_322,K19960
MAG_322,K07755
MAG_322,K02683
MAG_322,K02004
MAG_322,K01130
MAG_322,K01174
MAG_322,K01889
MAG_322,K01937
MAG_322,K00721
MAG_322,K01733
MAG_322,K02347
MAG_322,K08097
MAG_322,K01893
MAG_322,K03893
MAG_322,K03885
MAG_322,K13979
MAG_322,K03394
MAG_322,K00786
MAG_322,K00626
MAG_322,K18926
MAG_322,K06919
MAG_322,K07679
MAG_322,K20989
MAG_322,K01916
MAG_322,K01881
MAG_322,K04047
MAG_322,K03041
MAG_322,K00412
MAG_322,K00820
MAG_322,K07090
MAG_322,K06937
MAG_322,K02027
MAG_322,K06889
MAG_322,K00764
MAG_322,K15778
MAG_322,K07718
MAG_322,K00763
MAG_322,K03844
MAG_322,K06915
MAG_322,K03182
MAG_322,K01173
MAG_322,K01644
MAG_322,K22447
MAG_322,K10747
MAG_322,K04771
MAG_322,K11150
MAG_322,K01077
MAG_322,K03330
MAG_322,K01456
MAG_322,K04750
MAG_322,K03124
MAG_322,K00809
MAG_322,K00525
MAG_322,K14597
MAG_322,K05947
MAG_322,K02379
MAG_322,K01118
MAG_322,K02025
MAG_322,K22250
MAG_322,K21219
MAG_322,K01191
MAG_322,K01951
MAG_322,K03726
MAG_322,K21029
MAG_322,K01589
MAG_322,K01652
MAG_322,K02030
MAG_322,K01776
MAG_322,K03237
MAG_322,K08975
MAG_322,K01875
MAG_322,K07097
MAG_322,K00798
MAG_322,K06350
MAG_322,K01990
MAG_322,K07238
MAG_322,K01464
MAG_322,K11634
MAG_322,K06863
MAG_322,K20206
MAG_322,K15662
MAG_322,K00789
MAG_322,K03821
MAG_322,K01649
MAG_322,K00156
MAG_322,K00800
MAG_322,K03574
MAG_322,K01785
MAG_322,K01251
MAG_322,K03724
MAG_322,K03106
MAG_322,K01845
MAG_322,K00639
MAG_322,K16698
MAG_322,K12988
MAG_322,K02906
MAG_322,K08602
MAG_322,K21929
MAG_322,K01286
MAG_322,K03733
MAG_322,K00020
MAG_322,K09020
MAG_322,K01710
MAG_322,K01902
MAG_322,K15975
MAG_322,K20885
MAG_322,K02987
MAG_322,K23440
MAG_322,K01011
MAG_322,K09955
MAG_322,K01744
MAG_322,K06893
MAG_322,K02319
MAG_322,K05934
MAG_322,K01439
MAG_322,K13525
MAG_322,K01480
MAG_322,K23683
MAG_322,K07100
MAG_322,K07151
MAG_322,K05792
MAG_322,K07648
MAG_322,K02548
MAG_322,K06865
MAG_322,K18235
MAG_322,K06897
MAG_322,K00079
MAG_322,K19267
MAG_322,K07558
MAG_322,K01955
MAG_322,K03722
MAG_322,K07041
MAG_322,K03284
MAG_322,K05710
MAG_322,K00174
MAG_322,K01495
MAG_322,K07217
MAG_322,K00088
MAG_322,K01126
MAG_322,K14652
MAG_322,K01673
MAG_322,K01885
MAG_322,K07095
MAG_322,K00096
MAG_322,K01915
MAG_322,K07005
MAG_322,K03575
MAG_322,K00571
MAG_322,K01433
MAG_322,K02035
MAG_322,K03529
MAG_322,K03679
MAG_322,K10535
MAG_322,K05829
MAG_322,K03701
MAG_322,K00958
MAG_322,K01476
MAG_322,K15510
MAG_322,K05991
MAG_322,K13038
MAG_322,K16052
MAG_322,K23257
MAG_322,K01883
MAG_322,K00784
MAG_322,K09771
MAG_322,K03886
MAG_322,K15495
MAG_322,K00372
MAG_322,K04483
MAG_322,K00008
MAG_322,K05936
MAG_322,K18882
MAG_322,K00344
MAG_322,K00966
MAG_322,K00341
MAG_322,K15538
MAG_322,K09759
MAG_322,K00548
MAG_322,K01872
MAG_322,K05592
MAG_322,K01870
MAG_322,K00114
MAG_322,K03455
MAG_322,K00013
MAG_322,K07739
MAG_322,K03424
MAG_322,K07045
MAG_322,K01873
MAG_322,K22901
MAG_322,K01256
MAG_322,K02472
MAG_322,K18604
MAG_322,K01255
MAG_322,K15016
MAG_322,K03517
MAG_322,K21990
MAG_428,K07068
MAG_428,K00982
MAG_428,K01053
MAG_428,K00544
MAG_428,K02836
MAG_428,K01687
MAG_428,K02469
MAG_428,K03665
MAG_428,K02036
MAG_428,K22468
MAG_428,K07250
MAG_428,K02346
MAG_428,K07683
MAG_428,K03750
MAG_428,K01501
MAG_428,K02355
MAG_428,K01938
MAG_428,K01006
MAG_428,K13057
MAG_428,K03106
MAG_428,K00602
MAG_428,K01652
MAG_428,K06888
MAG_428,K14446
MAG_428,K05592
MAG_428,K07089
MAG_428,K06886
MAG_428,K11473
MAG_428,K21023
MAG_428,K01845
MAG_428,K01679
MAG_428,K00605
MAG_428,K03727
MAG_428,K00130
MAG_428,K16922
MAG_428,K00970
MAG_428,K16147
MAG_428,K00926
MAG_428,K07399
MAG_428,K03695
MAG_428,K03551
MAG_428,K02342
MAG_428,K01214
MAG_428,K01950
MAG_428,K03701
MAG_428,K01990
MAG_428,K05366
MAG_428,K03979
MAG_428,K13419
MAG_428,K01607
MAG_428,K12132
MAG_428,K01273
MAG_428,K01710
MAG_428,K06901
MAG_428,K01915
MAG_428,K02316
MAG_428,K01480
MAG_428,K23514
MAG_428,K03802
MAG_428,K04567
MAG_428,K01712
MAG_428,K00387
MAG_428,K01593
MAG_428,K00525
MAG_428,K03856
MAG_428,K15371
MAG_428,K01937
MAG_428,K01895
MAG_428,K09817
MAG_428,K21417
MAG_428,K02003
MAG_428,K00123
MAG_428,K03737
MAG_428,K00128
MAG_428,K01278
MAG_428,K00548
MAG_428,K00309
MAG_428,K08300
MAG_428,K08301
MAG_428,K11779
MAG_428,K01768
MAG_428,K01358
MAG_428,K03526
MAG_428,K03885
MAG_428,K06217
MAG_428,K00016
MAG_428,K01488
MAG_428,K00266
MAG_428,K03657
MAG_428,K01972
MAG_428,K20444
MAG_428,K01129
MAG_428,K02669
MAG_428,K01905
MAG_428,K22224
MAG_428,K04043
MAG_428,K04518
MAG_428,K01697
MAG_428,K02662
MAG_428,K00111
MAG_428,K02945
MAG_428,K03977
MAG_428,K02341
MAG_428,K00441
MAG_428,K00681
MAG_428,K13633
MAG_428,K13527
MAG_428,K00384
MAG_428,K00333
MAG_428,K00294
MAG_428,K02484
MAG_428,K01939
MAG_428,K01599
MAG_428,K03628
MAG_428,K00639
MAG_428,K21929
MAG_428,K08100
MAG_428,K06118
MAG_428,K03723
MAG_428,K01681
MAG_428,K00108
MAG_428,K03070
MAG_428,K11072
MAG_428,K01187
MAG_428,K00341
MAG_428,K00167
MAG_428,K08153
MAG_428,K01840
MAG_428,K00479
MAG_428,K22205
MAG_428,K02015
MAG_428,K07667
MAG_428,K00153
MAG_428,K00937
MAG_428,K03741
MAG_428,K01890
MAG_428,K14647
MAG_428,K02499
MAG_428,K00962
MAG_428,K00303
MAG_428,K04768
MAG_428,K00806
MAG_428,K10046
MAG_428,K01711
MAG_428,K02052
MAG_428,K16238
MAG_428,K00087
MAG_428,K03798
MAG_428,K03183
MAG_428,K00493
MAG_428,K01870
MAG_428,K15635
MAG_428,K14162
MAG_428,K03336
MAG_428,K01887
MAG_428,K19265
MAG_428,K05882
MAG_428,K19191
MAG_428,K01338
MAG_428,K00382
MAG_428,K23537
MAG_428,K07240
MAG_428,K07692
MAG_428,K01971
MAG_428,K04085
MAG_428,K22187
MAG_428,K01251
MAG_428,K01689
MAG_428,K23269
MAG_428,K01869
MAG_428,K01042
MAG_428,K02283
MAG_428,K00790
MAG_428,K01754
MAG_428,K01875
MAG_428,K00148
MAG_428,K01775
MAG_428,K01843
MAG_428,K00764
MAG_428,K02031
MAG_428,K01661
MAG_428,K02343
MAG_428,K01873
MAG_428,K00036
MAG_428,K03466
MAG_428,K02405
MAG_428,K10907
MAG_428,K00831
MAG_428,K02335
MAG_428,K00820
MAG_428,K01657
MAG_428,K01533
MAG_428,K00702
MAG_428,K06978
MAG_428,K01537
MAG_428,K00058
MAG_428,K00337
MAG_428,K04750
MAG_428,K07052
MAG_428,K01881
MAG_428,K01011
MAG_428,K17734
MAG_428,K03527
MAG_428,K01874
MAG_428,K01872
MAG_428,K02337
MAG_428,K00031
MAG_428,K07335
MAG_428,K18682
MAG_428,K01926
MAG_428,K02358
MAG_428,K17218
MAG_428,K06877
MAG_428,K01465
MAG_428,K18572
MAG_428,K03520
MAG_428,K23163
MAG_428,K02170
MAG_428,K18399
MAG_428,K12956
MAG_428,K06147
MAG_428,K00958
MAG_428,K00789
MAG_428,K01848
MAG_428,K21147
MAG_428,K02111
MAG_428,K15987
MAG_428,K10563
MAG_428,K00819
MAG_428,K01702
MAG_428,K21148
MAG_428,K01137
MAG_428,K01069
MAG_428,K02030
MAG_428,K07391
MAG_428,K03688
MAG_428,K03076
MAG_428,K04655
MAG_428,K02257
MAG_428,K01255
MAG_428,K00302
MAG_428,K00283
MAG_428,K00655
MAG_428,K00762
MAG_428,K05515
MAG_428,K08282
MAG_428,K00280
MAG_428,K01286
MAG_428,K01473
MAG_428,K03168
MAG_428,K14652
MAG_428,K06168
MAG_428,K01897
MAG_428,K03568
MAG_428,K03631
MAG_428,K01464
MAG_428,K01858
MAG_428,K00600
MAG_428,K10747
MAG_428,K08776
MAG_428,K15372
